================================
开始发布版本：2.6.1
================================

【警告】当前存在未提交的代码改动，将包含在本次发布中：
A  auto-table-adapter/auto-table-adapter-mybatis-flex-spring-boot-starter/pom.xml
A  auto-table-adapter/auto-table-adapter-mybatis-flex/pom.xml
A  auto-table-adapter/auto-table-adapter-mybatis-plus-spring-boot-starter/pom.xml
A  auto-table-adapter/auto-table-adapter-mybatis-plus-spring-boot-starter/src/main/java/org/dromara/autotable/adapter/mybatisplus/spring/MybatisPlusAutoConfiguration.java
A  auto-table-adapter/auto-table-adapter-mybatis-plus-spring-boot-starter/src/main/java/org/dromara/autotable/adapter/mybatisplus/spring/MybatisPlusDataSourceInfoExtractor.java
A  auto-table-adapter/auto-table-adapter-mybatis-plus-spring-boot-starter/src/main/java/org/dromara/autotable/adapter/mybatisplus/spring/MybatisPlusDynamicDataSourceHandler.java
A  auto-table-adapter/auto-table-adapter-mybatis-plus-spring-boot-starter/src/main/java/org/dromara/autotable/adapter/mybatisplus/spring/MybatisPlusExtendedClassScanner.java
A  auto-table-adapter/auto-table-adapter-mybatis-plus-spring-boot-starter/src/main/java/org/dromara/autotable/adapter/mybatisplus/spring/MybatisPlusExtendedMetadataAdapter.java
A  auto-table-adapter/auto-table-adapter-mybatis-plus-spring-boot-starter/src/main/java/org/dromara/autotable/adapter/mybatisplus/spring/annotation/Column.java
A  auto-table-adapter/auto-table-adapter-mybatis-plus-spring-boot-starter/src/main/java/org/dromara/autotable/adapter/mybatisplus/spring/annotation/ColumnId.java
A  auto-table-adapter/auto-table-adapter-mybatis-plus-spring-boot-starter/src/main/java/org/dromara/autotable/adapter/mybatisplus/spring/annotation/Table.java
A  auto-table-adapter/auto-table-adapter-mybatis-plus-spring-boot-starter/src/main/java/org/dromara/autotable/adapter/mybatisplus/spring/annotation/UniqueIndex.java
A  auto-table-adapter/auto-table-adapter-mybatis-plus-spring-boot-starter/src/main/java/org/dromara/autotable/adapter/mybatisplus/spring/util/AnnotatedElementUtilsPlus.java
A  auto-table-adapter/auto-table-adapter-mybatis-plus-spring-boot-starter/src/main/java/org/dromara/autotable/adapter/mybatisplus/spring/util/AnnotationDefaultValueHelper.java
A  auto-table-adapter/auto-table-adapter-mybatis-plus-spring-boot-starter/src/main/resources/META-INF/spring/org.springframework.boot.autoconfigure.AutoConfiguration.imports
A  auto-table-adapter/auto-table-adapter-mybatis-plus/pom.xml
A  auto-table-adapter/auto-table-adapter-mybatis-plus/src/main/java/org/dromara/autotable/adapter/mybatisplus/MybatisPlusAdapterConfig.java
A  auto-table-adapter/auto-table-adapter-mybatis-plus/src/main/java/org/dromara/autotable/adapter/mybatisplus/MybatisPlusAutoTableClassScanner.java
A  auto-table-adapter/auto-table-adapter-mybatis-plus/src/main/java/org/dromara/autotable/adapter/mybatisplus/MybatisPlusJavaTypeToDatabaseTypeConverter.java
A  auto-table-adapter/auto-table-adapter-mybatis-plus/src/main/java/org/dromara/autotable/adapter/mybatisplus/MybatisPlusMetadataAdapter.java
A  auto-table-adapter/auto-table-adapter-mybatis-plus/src/main/java/org/dromara/autotable/adapter/mybatisplus/MybatisPlusRunAfterCallback.java
A  auto-table-adapter/auto-table-adapter-mybatis-plus/src/main/java/org/dromara/autotable/adapter/mybatisplus/MybatisPlusRunBeforeCallback.java
A  auto-table-adapter/auto-table-adapter-mybatis-plus/src/test/java/org/dromara/autotable/adapter/mybatisplus/MybatisPlusJavaTypeToDatabaseTypeConverterTest.java
A  auto-table-adapter/auto-table-adapter-mybatis-plus/src/test/java/org/dromara/autotable/adapter/mybatisplus/MybatisPlusMetadataAdapterTest.java
A  auto-table-adapter/auto-table-adapter-xbatis-spring-boot-starter/pom.xml
A  auto-table-adapter/auto-table-adapter-xbatis/pom.xml
A  auto-table-adapter/pom.xml
A  auto-table-test/auto-table-test-adapter-mybatis-plus/pom.xml
A  auto-table-test/auto-table-test-adapter-mybatis-plus/src/main/java/org/dromara/autotable/test/adapter/mybatisplus/Application.java
A  auto-table-test/auto-table-test-adapter-mybatis-plus/src/main/java/org/dromara/autotable/test/adapter/mybatisplus/entity/CustomOrder.java
A  auto-table-test/auto-table-test-adapter-mybatis-plus/src/main/java/org/dromara/autotable/test/adapter/mybatisplus/entity/MpNativeUser.java
A  auto-table-test/auto-table-test-adapter-mybatis-plus/src/main/java/org/dromara/autotable/test/adapter/mybatisplus/entity/OrderStatus.java
A  auto-table-test/auto-table-test-adapter-mybatis-plus/src/main/java/org/dromara/autotable/test/adapter/mybatisplus/entity/UniqueIndexUser.java
A  auto-table-test/auto-table-test-adapter-mybatis-plus/src/main/resources/application.yml
A  auto-table-test/auto-table-test-adapter-mybatis-plus/src/test/java/org/dromara/autotable/test/adapter/mybatisplus/MybatisPlusAdapterTest.java
M  auto-table-test/pom.xml
M  pom.xml
M  upgrade.sh
?? MIGRATION-FROM-MYBATIS-PLUS-EXT.md
?? release-2.6.1.log

如需中止发布，请在 5 秒内按 Ctrl+C
上一个版本 tag：v2.6.0
变更日志已更新：auto-table-doc/docs/更新日志.md
[main dfd2ce02] docs(changelog): 更新版本 2.6.1 的变更日志
 39 files changed, 2526 insertions(+), 2 deletions(-)
 create mode 100644 auto-table-adapter/auto-table-adapter-mybatis-flex-spring-boot-starter/pom.xml
 create mode 100644 auto-table-adapter/auto-table-adapter-mybatis-flex/pom.xml
 create mode 100644 auto-table-adapter/auto-table-adapter-mybatis-plus-spring-boot-starter/pom.xml
 create mode 100644 auto-table-adapter/auto-table-adapter-mybatis-plus-spring-boot-starter/src/main/java/org/dromara/autotable/adapter/mybatisplus/spring/MybatisPlusAutoConfiguration.java
 create mode 100644 auto-table-adapter/auto-table-adapter-mybatis-plus-spring-boot-starter/src/main/java/org/dromara/autotable/adapter/mybatisplus/spring/MybatisPlusDataSourceInfoExtractor.java
 create mode 100644 auto-table-adapter/auto-table-adapter-mybatis-plus-spring-boot-starter/src/main/java/org/dromara/autotable/adapter/mybatisplus/spring/MybatisPlusDynamicDataSourceHandler.java
 create mode 100644 auto-table-adapter/auto-table-adapter-mybatis-plus-spring-boot-starter/src/main/java/org/dromara/autotable/adapter/mybatisplus/spring/MybatisPlusExtendedClassScanner.java
 create mode 100644 auto-table-adapter/auto-table-adapter-mybatis-plus-spring-boot-starter/src/main/java/org/dromara/autotable/adapter/mybatisplus/spring/MybatisPlusExtendedMetadataAdapter.java
 create mode 100644 auto-table-adapter/auto-table-adapter-mybatis-plus-spring-boot-starter/src/main/java/org/dromara/autotable/adapter/mybatisplus/spring/annotation/Column.java
 create mode 100644 auto-table-adapter/auto-table-adapter-mybatis-plus-spring-boot-starter/src/main/java/org/dromara/autotable/adapter/mybatisplus/spring/annotation/ColumnId.java
 create mode 100644 auto-table-adapter/auto-table-adapter-mybatis-plus-spring-boot-starter/src/main/java/org/dromara/autotable/adapter/mybatisplus/spring/annotation/Table.java
 create mode 100644 auto-table-adapter/auto-table-adapter-mybatis-plus-spring-boot-starter/src/main/java/org/dromara/autotable/adapter/mybatisplus/spring/annotation/UniqueIndex.java
 create mode 100644 auto-table-adapter/auto-table-adapter-mybatis-plus-spring-boot-starter/src/main/java/org/dromara/autotable/adapter/mybatisplus/spring/util/AnnotatedElementUtilsPlus.java
 create mode 100644 auto-table-adapter/auto-table-adapter-mybatis-plus-spring-boot-starter/src/main/java/org/dromara/autotable/adapter/mybatisplus/spring/util/AnnotationDefaultValueHelper.java
 create mode 100644 auto-table-adapter/auto-table-adapter-mybatis-plus-spring-boot-starter/src/main/resources/META-INF/spring/org.springframework.boot.autoconfigure.AutoConfiguration.imports
 create mode 100644 auto-table-adapter/auto-table-adapter-mybatis-plus/pom.xml
 create mode 100644 auto-table-adapter/auto-table-adapter-mybatis-plus/src/main/java/org/dromara/autotable/adapter/mybatisplus/MybatisPlusAdapterConfig.java
 create mode 100644 auto-table-adapter/auto-table-adapter-mybatis-plus/src/main/java/org/dromara/autotable/adapter/mybatisplus/MybatisPlusAutoTableClassScanner.java
 create mode 100644 auto-table-adapter/auto-table-adapter-mybatis-plus/src/main/java/org/dromara/autotable/adapter/mybatisplus/MybatisPlusJavaTypeToDatabaseTypeConverter.java
 create mode 100644 auto-table-adapter/auto-table-adapter-mybatis-plus/src/main/java/org/dromara/autotable/adapter/mybatisplus/MybatisPlusMetadataAdapter.java
 create mode 100644 auto-table-adapter/auto-table-adapter-mybatis-plus/src/main/java/org/dromara/autotable/adapter/mybatisplus/MybatisPlusRunAfterCallback.java
 create mode 100644 auto-table-adapter/auto-table-adapter-mybatis-plus/src/main/java/org/dromara/autotable/adapter/mybatisplus/MybatisPlusRunBeforeCallback.java
 create mode 100644 auto-table-adapter/auto-table-adapter-mybatis-plus/src/test/java/org/dromara/autotable/adapter/mybatisplus/MybatisPlusJavaTypeToDatabaseTypeConverterTest.java
 create mode 100644 auto-table-adapter/auto-table-adapter-mybatis-plus/src/test/java/org/dromara/autotable/adapter/mybatisplus/MybatisPlusMetadataAdapterTest.java
 create mode 100644 auto-table-adapter/auto-table-adapter-xbatis-spring-boot-starter/pom.xml
 create mode 100644 auto-table-adapter/auto-table-adapter-xbatis/pom.xml
 create mode 100644 auto-table-adapter/pom.xml
 create mode 100644 auto-table-test/auto-table-test-adapter-mybatis-plus/pom.xml
 create mode 100644 auto-table-test/auto-table-test-adapter-mybatis-plus/src/main/java/org/dromara/autotable/test/adapter/mybatisplus/Application.java
 create mode 100644 auto-table-test/auto-table-test-adapter-mybatis-plus/src/main/java/org/dromara/autotable/test/adapter/mybatisplus/entity/CustomOrder.java
 create mode 100644 auto-table-test/auto-table-test-adapter-mybatis-plus/src/main/java/org/dromara/autotable/test/adapter/mybatisplus/entity/MpNativeUser.java
 create mode 100644 auto-table-test/auto-table-test-adapter-mybatis-plus/src/main/java/org/dromara/autotable/test/adapter/mybatisplus/entity/OrderStatus.java
 create mode 100644 auto-table-test/auto-table-test-adapter-mybatis-plus/src/main/java/org/dromara/autotable/test/adapter/mybatisplus/entity/UniqueIndexUser.java
 create mode 100644 auto-table-test/auto-table-test-adapter-mybatis-plus/src/main/resources/application.yml
 create mode 100644 auto-table-test/auto-table-test-adapter-mybatis-plus/src/test/java/org/dromara/autotable/test/adapter/mybatisplus/MybatisPlusAdapterTest.java
================================
开始执行版本升级...
开始替换Version.java的版本号：2.6.1
开始替换pom.xml的版本号：2.6.1
[INFO] Scanning for projects...
[INFO] Inspecting build with total of 33 modules
[INFO] Installing Central Publishing features
[INFO] ------------------------------------------------------------------------
[INFO] Reactor Build Order:
[INFO] 
[INFO] org.dromara.autotable:auto-table                                   [pom]
[INFO] auto-table-annotation                                              [jar]
[INFO] auto-table-core                                                    [jar]
[INFO] auto-table-strategy                                                [pom]
[INFO] auto-table-strategy-dm                                             [jar]
[INFO] auto-table-strategy-doris                                          [jar]
[INFO] auto-table-strategy-h2                                             [jar]
[INFO] auto-table-strategy-pgsql                                          [jar]
[INFO] auto-table-strategy-kingbase                                       [jar]
[INFO] auto-table-strategy-mysql                                          [jar]
[INFO] auto-table-strategy-oracle                                         [jar]
[INFO] auto-table-strategy-sqlserver                                      [jar]
[INFO] auto-table-strategy-sqlite                                         [jar]
[INFO] auto-table-strategy-all                                            [jar]
[INFO] auto-table-spring-boot-starter                                     [jar]
[INFO] auto-table-solon-plugin                                            [jar]
[INFO] auto-table-test                                                    [pom]
[INFO] auto-table-test-core                                               [jar]
[INFO] auto-table-test-spring-boot                                        [jar]
[INFO] auto-table-test-dynamicdatasource                                  [jar]
[INFO] auto-table-test-solon-plugin                                       [jar]
[INFO] auto-table-test-spring-boot-dynamicdatasource                      [jar]
[INFO] auto-table-test-doris                                              [jar]
[INFO] auto-table-adapter                                                 [pom]
[INFO] auto-table-adapter-mybatis-plus                                    [jar]
[INFO] auto-table-adapter-mybatis-plus-spring-boot-starter                [jar]
[INFO] auto-table-test-adapter-mybatis-plus                               [jar]
[INFO] auto-table-adapter-mybatis-flex                                    [jar]
[INFO] auto-table-adapter-xbatis                                          [jar]
[INFO] auto-table-adapter-mybatis-flex-spring-boot-starter                [jar]
[INFO] auto-table-adapter-xbatis-spring-boot-starter                      [jar]
[INFO] auto-table-support                                                 [pom]
[INFO] auto-table-support-springdoc                                       [jar]
[INFO] 
[INFO] ------------------< org.dromara.autotable:auto-table >------------------
[INFO] Building org.dromara.autotable:auto-table 2.6.0                   [1/33]
[INFO]   from pom.xml
[INFO] --------------------------------[ pom ]---------------------------------
[INFO] 
[INFO] --- versions:2.16.2:set (default-cli) @ auto-table ---
[INFO] Searching for local aggregator root...
[INFO] Local aggregation root: /Users/don/Code/个人/auto-table
[INFO] Processing change of org.dromara.autotable:auto-table:2.6.0 -> 2.6.1
[INFO] Processing org.dromara.autotable:auto-table
[INFO]     Updating project org.dromara.autotable:auto-table
[INFO]         from version 2.6.0 to 2.6.1
[INFO] 
[INFO] Processing org.dromara.autotable:auto-table-adapter
[INFO]     Updating parent org.dromara.autotable:auto-table
[INFO]         from version 2.6.0 to 2.6.1
[INFO] 
[INFO] Processing org.dromara.autotable:auto-table-annotation
[INFO]     Updating parent org.dromara.autotable:auto-table
[INFO]         from version 2.6.0 to 2.6.1
[INFO] 
[INFO] Processing org.dromara.autotable:auto-table-core
[INFO]     Updating parent org.dromara.autotable:auto-table
[INFO]         from version 2.6.0 to 2.6.1
[INFO] 
[INFO] Processing org.dromara.autotable:auto-table-solon-plugin
[INFO]     Updating parent org.dromara.autotable:auto-table
[INFO]         from version 2.6.0 to 2.6.1
[INFO] 
[INFO] Processing org.dromara.autotable:auto-table-spring-boot-starter
[INFO]     Updating parent org.dromara.autotable:auto-table
[INFO]         from version 2.6.0 to 2.6.1
[INFO] 
[INFO] Processing org.dromara.autotable:auto-table-strategy
[INFO]     Updating parent org.dromara.autotable:auto-table
[INFO]         from version 2.6.0 to 2.6.1
[INFO] 
[INFO] Processing org.dromara.autotable:auto-table-support
[INFO]     Updating parent org.dromara.autotable:auto-table
[INFO]         from version 2.6.0 to 2.6.1
[INFO] 
[INFO] Processing org.dromara.autotable:auto-table-test
[INFO]     Updating parent org.dromara.autotable:auto-table
[INFO]         from version 2.6.0 to 2.6.1
[INFO] 
[INFO] Processing org.dromara.autotable:auto-table-adapter-mybatis-flex-spring-boot-starter
[INFO]     Updating parent org.dromara.autotable:auto-table-adapter
[INFO]         from version 2.6.0 to 2.6.1
[INFO] 
[INFO] Processing org.dromara.autotable:auto-table-adapter-mybatis-flex
[INFO]     Updating parent org.dromara.autotable:auto-table-adapter
[INFO]         from version 2.6.0 to 2.6.1
[INFO] 
[INFO] Processing org.dromara.autotable:auto-table-adapter-mybatis-plus-spring-boot-starter
[INFO]     Updating parent org.dromara.autotable:auto-table-adapter
[INFO]         from version 2.6.0 to 2.6.1
[INFO] 
[INFO] Processing org.dromara.autotable:auto-table-adapter-mybatis-plus
[INFO]     Updating parent org.dromara.autotable:auto-table-adapter
[INFO]         from version 2.6.0 to 2.6.1
[INFO] 
[INFO] Processing org.dromara.autotable:auto-table-adapter-xbatis-spring-boot-starter
[INFO]     Updating parent org.dromara.autotable:auto-table-adapter
[INFO]         from version 2.6.0 to 2.6.1
[INFO] 
[INFO] Processing org.dromara.autotable:auto-table-adapter-xbatis
[INFO]     Updating parent org.dromara.autotable:auto-table-adapter
[INFO]         from version 2.6.0 to 2.6.1
[INFO] 
[INFO] Processing org.dromara.autotable:auto-table-strategy-all
[INFO]     Updating parent org.dromara.autotable:auto-table-strategy
[INFO]         from version 2.6.0 to 2.6.1
[INFO] 
[INFO] Processing org.dromara.autotable:auto-table-strategy-dm
[INFO]     Updating parent org.dromara.autotable:auto-table-strategy
[INFO]         from version 2.6.0 to 2.6.1
[INFO] 
[INFO] Processing org.dromara.autotable:auto-table-strategy-doris
[INFO]     Updating parent org.dromara.autotable:auto-table-strategy
[INFO]         from version 2.6.0 to 2.6.1
[INFO] 
[INFO] Processing org.dromara.autotable:auto-table-strategy-h2
[INFO]     Updating parent org.dromara.autotable:auto-table-strategy
[INFO]         from version 2.6.0 to 2.6.1
[INFO] 
[INFO] Processing org.dromara.autotable:auto-table-strategy-kingbase
[INFO]     Updating parent org.dromara.autotable:auto-table-strategy
[INFO]         from version 2.6.0 to 2.6.1
[INFO] 
[INFO] Processing org.dromara.autotable:auto-table-strategy-mysql
[INFO]     Updating parent org.dromara.autotable:auto-table-strategy
[INFO]         from version 2.6.0 to 2.6.1
[INFO] 
[INFO] Processing org.dromara.autotable:auto-table-strategy-oracle
[INFO]     Updating parent org.dromara.autotable:auto-table-strategy
[INFO]         from version 2.6.0 to 2.6.1
[INFO] 
[INFO] Processing org.dromara.autotable:auto-table-strategy-pgsql
[INFO]     Updating parent org.dromara.autotable:auto-table-strategy
[INFO]         from version 2.6.0 to 2.6.1
[INFO] 
[INFO] Processing org.dromara.autotable:auto-table-strategy-sqlite
[INFO]     Updating parent org.dromara.autotable:auto-table-strategy
[INFO]         from version 2.6.0 to 2.6.1
[INFO] 
[INFO] Processing org.dromara.autotable:auto-table-strategy-sqlserver
[INFO]     Updating parent org.dromara.autotable:auto-table-strategy
[INFO]         from version 2.6.0 to 2.6.1
[INFO] 
[INFO] Processing org.dromara.autotable:auto-table-support-springdoc
[INFO]     Updating parent org.dromara.autotable:auto-table-support
[INFO]         from version 2.6.0 to 2.6.1
[INFO] 
[INFO] Processing org.dromara.autotable:auto-table-test-adapter-mybatis-plus
[INFO]     Updating parent org.dromara.autotable:auto-table-test
[INFO]         from version 2.6.0 to 2.6.1
[INFO] 
[INFO] Processing org.dromara.autotable:auto-table-test-core
[INFO]     Updating parent org.dromara.autotable:auto-table-test
[INFO]         from version 2.6.0 to 2.6.1
[INFO] 
[INFO] Processing org.dromara.autotable:auto-table-test-doris
[INFO]     Updating parent org.dromara.autotable:auto-table-test
[INFO]         from version 2.6.0 to 2.6.1
[INFO] 
[INFO] Processing org.dromara.autotable:auto-table-test-dynamicdatasource
[INFO]     Updating parent org.dromara.autotable:auto-table-test
[INFO]         from version 2.6.0 to 2.6.1
[INFO] 
[INFO] Processing org.dromara.autotable:auto-table-test-solon-plugin
[INFO]     Updating parent org.dromara.autotable:auto-table-test
[INFO]         from version 2.6.0 to 2.6.1
[INFO] 
[INFO] Processing org.dromara.autotable:auto-table-test-spring-boot-dynamicdatasource
[INFO]     Updating parent org.dromara.autotable:auto-table-test
[INFO]         from version 2.6.0 to 2.6.1
[INFO] 
[INFO] Processing org.dromara.autotable:auto-table-test-spring-boot
[INFO]     Updating parent org.dromara.autotable:auto-table-test
[INFO]         from version 2.6.0 to 2.6.1
[INFO] 
[INFO] ------------------------------------------------------------------------
[INFO] Reactor Summary for org.dromara.autotable:auto-table 2.6.0:
[INFO] 
[INFO] org.dromara.autotable:auto-table ................... SUCCESS [  1.834 s]
[INFO] auto-table-annotation .............................. SKIPPED
[INFO] auto-table-core .................................... SKIPPED
[INFO] auto-table-strategy ................................ SKIPPED
[INFO] auto-table-strategy-dm ............................. SKIPPED
[INFO] auto-table-strategy-doris .......................... SKIPPED
[INFO] auto-table-strategy-h2 ............................. SKIPPED
[INFO] auto-table-strategy-pgsql .......................... SKIPPED
[INFO] auto-table-strategy-kingbase ....................... SKIPPED
[INFO] auto-table-strategy-mysql .......................... SKIPPED
[INFO] auto-table-strategy-oracle ......................... SKIPPED
[INFO] auto-table-strategy-sqlserver ...................... SKIPPED
[INFO] auto-table-strategy-sqlite ......................... SKIPPED
[INFO] auto-table-strategy-all ............................ SKIPPED
[INFO] auto-table-spring-boot-starter ..................... SKIPPED
[INFO] auto-table-solon-plugin ............................ SKIPPED
[INFO] auto-table-test .................................... SKIPPED
[INFO] auto-table-test-core ............................... SKIPPED
[INFO] auto-table-test-spring-boot ........................ SKIPPED
[INFO] auto-table-test-dynamicdatasource .................. SKIPPED
[INFO] auto-table-test-solon-plugin ....................... SKIPPED
[INFO] auto-table-test-spring-boot-dynamicdatasource ...... SKIPPED
[INFO] auto-table-test-doris .............................. SKIPPED
[INFO] auto-table-adapter ................................. SKIPPED
[INFO] auto-table-adapter-mybatis-plus .................... SKIPPED
[INFO] auto-table-adapter-mybatis-plus-spring-boot-starter  SKIPPED
[INFO] auto-table-test-adapter-mybatis-plus ............... SKIPPED
[INFO] auto-table-adapter-mybatis-flex .................... SKIPPED
[INFO] auto-table-adapter-xbatis .......................... SKIPPED
[INFO] auto-table-adapter-mybatis-flex-spring-boot-starter  SKIPPED
[INFO] auto-table-adapter-xbatis-spring-boot-starter ...... SKIPPED
[INFO] auto-table-support ................................. SKIPPED
[INFO] auto-table-support-springdoc ....................... SKIPPED
[INFO] ------------------------------------------------------------------------
[INFO] BUILD SUCCESS
[INFO] ------------------------------------------------------------------------
[INFO] Total time:  3.093 s
[INFO] Finished at: 2026-07-09T00:43:10+08:00
[INFO] ------------------------------------------------------------------------
开始替换文档版本号：2.6.1
开始commit到本地仓库：2.6.1
[main 63b67109] 版本升级：2.6.1
 35 files changed, 35 insertions(+), 35 deletions(-)
开始打tag：v2.6.1
From https://gitee.com/tangzc/auto-table.git
新建标签：v2.6.1
开始提交到远程git仓库：2.6.1
remote: Powered by [01;33mGITEE.COM [0m[1.1.23]        
remote: Set trace flag fb42c0ac        
To https://gitee.com/tangzc/auto-table.git
   b6a873dd..63b67109  main -> main
 * [new tag]           v2.6.1 -> v2.6.1
开始发布新的版本到maven仓库：2.6.1
[INFO] Scanning for projects...
[INFO] Inspecting build with total of 18 modules
[INFO] Installing Central Publishing features
[INFO] ------------------------------------------------------------------------
[INFO] Reactor Build Order:
[INFO] 
[INFO] org.dromara.autotable:auto-table                                   [pom]
[INFO] auto-table-annotation                                              [jar]
[INFO] auto-table-core                                                    [jar]
[INFO] auto-table-strategy                                                [pom]
[INFO] auto-table-strategy-dm                                             [jar]
[INFO] auto-table-strategy-doris                                          [jar]
[INFO] auto-table-strategy-h2                                             [jar]
[INFO] auto-table-strategy-pgsql                                          [jar]
[INFO] auto-table-strategy-kingbase                                       [jar]
[INFO] auto-table-strategy-mysql                                          [jar]
[INFO] auto-table-strategy-oracle                                         [jar]
[INFO] auto-table-strategy-sqlserver                                      [jar]
[INFO] auto-table-strategy-sqlite                                         [jar]
[INFO] auto-table-strategy-all                                            [jar]
[INFO] auto-table-spring-boot-starter                                     [jar]
[INFO] auto-table-solon-plugin                                            [jar]
[INFO] auto-table-support                                                 [pom]
[INFO] auto-table-support-springdoc                                       [jar]
[INFO] 
[INFO] ------------------< org.dromara.autotable:auto-table >------------------
[INFO] Building org.dromara.autotable:auto-table 2.6.1                   [1/18]
[INFO]   from pom.xml
[INFO] --------------------------------[ pom ]---------------------------------
[WARNING] Parameter 'annotationProcessorPaths' is unknown for plugin 'maven-javadoc-plugin:3.6.3:jar (attach-javadocs)'
[INFO] 
[INFO] --- clean:3.2.0:clean (default-clean) @ auto-table ---
[INFO] Deleting /Users/don/Code/个人/auto-table/target
[INFO] 
[INFO] --- source:3.3.0:jar-no-fork (attach-sources) @ auto-table ---
[INFO] 
[INFO] --- javadoc:3.6.3:jar (attach-javadocs) @ auto-table ---
[INFO] Not executing Javadoc as the project is not a Java classpath-capable package
[INFO] 
[INFO] --- install:3.1.2:install (default-install) @ auto-table ---
[INFO] Installing /Users/don/Code/个人/auto-table/pom.xml to /Users/don/.m2/repository/org/dromara/autotable/auto-table/2.6.1/auto-table-2.6.1.pom
[INFO] 
[INFO] --- gpg:3.1.0:sign (sign-artifacts) @ auto-table ---
[INFO] Signing 1 file with default secret key.
gpg: 使用 “A2D053AAEC30ADC5541F052D5E32CD6A3745B002” 作为默认签名用私钥
[INFO] 
[INFO] --- central-publishing:0.11.0:publish (injected-central-publishing) @ auto-table ---
[INFO] Using Central baseUrl: https://central.sonatype.com
[INFO] Using credentials from server id central in settings.xml
[INFO] Staging 2 files
[INFO] Staging /Users/don/Code/个人/auto-table/pom.xml
[INFO] Installing /Users/don/Code/个人/auto-table/pom.xml to /Users/don/Code/个人/auto-table/target/central-staging/org/dromara/autotable/auto-table/2.6.1/auto-table-2.6.1.pom
[INFO] Staging /Users/don/Code/个人/auto-table/target/auto-table-2.6.1.pom.asc
[INFO] Installing /Users/don/Code/个人/auto-table/target/auto-table-2.6.1.pom.asc to /Users/don/Code/个人/auto-table/target/central-staging/org/dromara/autotable/auto-table/2.6.1/auto-table-2.6.1.pom.asc
[INFO] Pre Bundling - deleted /Users/don/Code/个人/auto-table/target/central-staging/org/dromara/autotable/auto-table/maven-metadata-central-staging.xml
[INFO] Generate checksums for dir: org/dromara/autotable/auto-table/2.6.1
[INFO] 
[INFO] ------------< org.dromara.autotable:auto-table-annotation >-------------
[INFO] Building auto-table-annotation 2.6.1                              [2/18]
[INFO]   from auto-table-annotation/pom.xml
[INFO] --------------------------------[ jar ]---------------------------------
[WARNING] Parameter 'annotationProcessorPaths' is unknown for plugin 'maven-javadoc-plugin:3.6.3:jar (attach-javadocs)'
[INFO] 
[INFO] --- clean:3.2.0:clean (default-clean) @ auto-table-annotation ---
[INFO] Deleting /Users/don/Code/个人/auto-table/auto-table-annotation/target
[INFO] 
[INFO] --- resources:3.3.1:resources (default-resources) @ auto-table-annotation ---
[INFO] skip non existing resourceDirectory /Users/don/Code/个人/auto-table/auto-table-annotation/src/main/resources
[INFO] 
[INFO] --- compiler:3.12.1:compile (default-compile) @ auto-table-annotation ---
[INFO] Recompiling the module because of changed source code.
[INFO] Compiling 42 source files with javac [debug parameters target 1.8] to target/classes
[WARNING] 未与 -source 8 一起设置引导类路径
[WARNING] 源值 8 已过时，将在未来发行版中删除
[WARNING] 目标值 8 已过时，将在未来发行版中删除
[WARNING] 要隐藏有关已过时选项的警告, 请使用 -Xlint:-options。
[INFO] 
[INFO] --- resources:3.3.1:testResources (default-testResources) @ auto-table-annotation ---
[INFO] skip non existing resourceDirectory /Users/don/Code/个人/auto-table/auto-table-annotation/src/test/resources
[INFO] 
[INFO] --- compiler:3.12.1:testCompile (default-testCompile) @ auto-table-annotation ---
[INFO] No sources to compile
[INFO] 
[INFO] --- surefire:3.2.5:test (default-test) @ auto-table-annotation ---
[INFO] No tests to run.
[INFO] 
[INFO] --- jar:3.4.1:jar (default-jar) @ auto-table-annotation ---
[INFO] Building jar: /Users/don/Code/个人/auto-table/auto-table-annotation/target/auto-table-annotation-2.6.1.jar
[INFO] 
[INFO] --- source:3.3.0:jar-no-fork (attach-sources) @ auto-table-annotation ---
[INFO] Building jar: /Users/don/Code/个人/auto-table/auto-table-annotation/target/auto-table-annotation-2.6.1-sources.jar
[INFO] 
[INFO] --- javadoc:3.6.3:jar (attach-javadocs) @ auto-table-annotation ---
[INFO] No previous run data found, generating javadoc.
[INFO] Building jar: /Users/don/Code/个人/auto-table/auto-table-annotation/target/auto-table-annotation-2.6.1-javadoc.jar
[INFO] 
[INFO] --- checksum:1.4:files (checksum-maven-plugin-files) @ auto-table-annotation ---
[INFO] auto-table-annotation-2.6.1.jar - SHA-1 : 403732dbc47f6563ba99c46fb62d226d9656e82f
[INFO] auto-table-annotation-2.6.1.jar - MD5 : 5d6fe9d99b513b17c38c651fa986a4e2
[INFO] auto-table-annotation-2.6.1-javadoc.jar - SHA-1 : 846fea9039d337df5d4bd722f79ae1667465fa2c
[INFO] auto-table-annotation-2.6.1-javadoc.jar - MD5 : d4b40113d52a6ad51296a74610433885
[INFO] auto-table-annotation-2.6.1-sources.jar - SHA-1 : a3dea18d0ddccd1a7b067f7032c17eb749ae3d7f
[INFO] auto-table-annotation-2.6.1-sources.jar - MD5 : 87edf377c8687509f55aaf95f0a67cdb
[INFO] 
[INFO] --- install:3.1.2:install (default-install) @ auto-table-annotation ---
[INFO] Installing /Users/don/Code/个人/auto-table/auto-table-annotation/pom.xml to /Users/don/.m2/repository/org/dromara/autotable/auto-table-annotation/2.6.1/auto-table-annotation-2.6.1.pom
[INFO] Installing /Users/don/Code/个人/auto-table/auto-table-annotation/target/auto-table-annotation-2.6.1.jar to /Users/don/.m2/repository/org/dromara/autotable/auto-table-annotation/2.6.1/auto-table-annotation-2.6.1.jar
[INFO] Installing /Users/don/Code/个人/auto-table/auto-table-annotation/target/auto-table-annotation-2.6.1-sources.jar to /Users/don/.m2/repository/org/dromara/autotable/auto-table-annotation/2.6.1/auto-table-annotation-2.6.1-sources.jar
[INFO] Installing /Users/don/Code/个人/auto-table/auto-table-annotation/target/auto-table-annotation-2.6.1-javadoc.jar to /Users/don/.m2/repository/org/dromara/autotable/auto-table-annotation/2.6.1/auto-table-annotation-2.6.1-javadoc.jar
[INFO] 
[INFO] --- gpg:3.1.0:sign (sign-artifacts) @ auto-table-annotation ---
[INFO] Signing 4 files with default secret key.
gpg: 使用 “A2D053AAEC30ADC5541F052D5E32CD6A3745B002” 作为默认签名用私钥
gpg: 使用 “A2D053AAEC30ADC5541F052D5E32CD6A3745B002” 作为默认签名用私钥
gpg: 使用 “A2D053AAEC30ADC5541F052D5E32CD6A3745B002” 作为默认签名用私钥
gpg: 使用 “A2D053AAEC30ADC5541F052D5E32CD6A3745B002” 作为默认签名用私钥
[INFO] 
[INFO] --- central-publishing:0.11.0:publish (injected-central-publishing) @ auto-table-annotation ---
[INFO] Using Central baseUrl: https://central.sonatype.com
[INFO] Using credentials from server id central in settings.xml
[INFO] Staging 7 files
[INFO] Staging /Users/don/Code/个人/auto-table/auto-table-annotation/target/auto-table-annotation-2.6.1.jar
[INFO] Installing /Users/don/Code/个人/auto-table/auto-table-annotation/target/auto-table-annotation-2.6.1.jar to /Users/don/Code/个人/auto-table/target/central-staging/org/dromara/autotable/auto-table-annotation/2.6.1/auto-table-annotation-2.6.1.jar
[INFO] Installing /Users/don/Code/个人/auto-table/auto-table-annotation/pom.xml to /Users/don/Code/个人/auto-table/target/central-staging/org/dromara/autotable/auto-table-annotation/2.6.1/auto-table-annotation-2.6.1.pom
[INFO] Staging /Users/don/Code/个人/auto-table/auto-table-annotation/target/auto-table-annotation-2.6.1-sources.jar
[INFO] Installing /Users/don/Code/个人/auto-table/auto-table-annotation/target/auto-table-annotation-2.6.1-sources.jar to /Users/don/Code/个人/auto-table/target/central-staging/org/dromara/autotable/auto-table-annotation/2.6.1/auto-table-annotation-2.6.1-sources.jar
[INFO] Staging /Users/don/Code/个人/auto-table/auto-table-annotation/target/auto-table-annotation-2.6.1-javadoc.jar
[INFO] Installing /Users/don/Code/个人/auto-table/auto-table-annotation/target/auto-table-annotation-2.6.1-javadoc.jar to /Users/don/Code/个人/auto-table/target/central-staging/org/dromara/autotable/auto-table-annotation/2.6.1/auto-table-annotation-2.6.1-javadoc.jar
[INFO] Staging /Users/don/Code/个人/auto-table/auto-table-annotation/target/auto-table-annotation-2.6.1.jar.asc
[INFO] Installing /Users/don/Code/个人/auto-table/auto-table-annotation/target/auto-table-annotation-2.6.1.jar.asc to /Users/don/Code/个人/auto-table/target/central-staging/org/dromara/autotable/auto-table-annotation/2.6.1/auto-table-annotation-2.6.1.jar.asc
[INFO] Staging /Users/don/Code/个人/auto-table/auto-table-annotation/target/auto-table-annotation-2.6.1.pom.asc
[INFO] Installing /Users/don/Code/个人/auto-table/auto-table-annotation/target/auto-table-annotation-2.6.1.pom.asc to /Users/don/Code/个人/auto-table/target/central-staging/org/dromara/autotable/auto-table-annotation/2.6.1/auto-table-annotation-2.6.1.pom.asc
[INFO] Staging /Users/don/Code/个人/auto-table/auto-table-annotation/target/auto-table-annotation-2.6.1-sources.jar.asc
[INFO] Installing /Users/don/Code/个人/auto-table/auto-table-annotation/target/auto-table-annotation-2.6.1-sources.jar.asc to /Users/don/Code/个人/auto-table/target/central-staging/org/dromara/autotable/auto-table-annotation/2.6.1/auto-table-annotation-2.6.1-sources.jar.asc
[INFO] Staging /Users/don/Code/个人/auto-table/auto-table-annotation/target/auto-table-annotation-2.6.1-javadoc.jar.asc
[INFO] Installing /Users/don/Code/个人/auto-table/auto-table-annotation/target/auto-table-annotation-2.6.1-javadoc.jar.asc to /Users/don/Code/个人/auto-table/target/central-staging/org/dromara/autotable/auto-table-annotation/2.6.1/auto-table-annotation-2.6.1-javadoc.jar.asc
[INFO] Pre Bundling - deleted /Users/don/Code/个人/auto-table/target/central-staging/org/dromara/autotable/auto-table-annotation/maven-metadata-central-staging.xml
[INFO] Generate checksums for dir: org/dromara/autotable/auto-table-annotation/2.6.1
[INFO] 
[INFO] ---------------< org.dromara.autotable:auto-table-core >----------------
[INFO] Building auto-table-core 2.6.1                                    [3/18]
[INFO]   from auto-table-core/pom.xml
[INFO] --------------------------------[ jar ]---------------------------------
[WARNING] Parameter 'annotationProcessorPaths' is unknown for plugin 'maven-javadoc-plugin:3.6.3:jar (attach-javadocs)'
[INFO] 
[INFO] --- clean:3.2.0:clean (default-clean) @ auto-table-core ---
[INFO] Deleting /Users/don/Code/个人/auto-table/auto-table-core/target
[INFO] 
[INFO] --- resources:3.3.1:resources (default-resources) @ auto-table-core ---
[INFO] skip non existing resourceDirectory /Users/don/Code/个人/auto-table/auto-table-core/src/main/resources
[INFO] 
[INFO] --- compiler:3.12.1:compile (default-compile) @ auto-table-core ---
[INFO] Recompiling the module because of changed dependency.
[INFO] Compiling 62 source files with javac [debug parameters target 1.8] to target/classes
[WARNING] 未与 -source 8 一起设置引导类路径
[WARNING] 源值 8 已过时，将在未来发行版中删除
[WARNING] 目标值 8 已过时，将在未来发行版中删除
[WARNING] 要隐藏有关已过时选项的警告, 请使用 -Xlint:-options。
[INFO] /Users/don/Code/个人/auto-table/auto-table-core/src/main/java/org/dromara/autotable/core/initdata/InitDataHandler.java: /Users/don/Code/个人/auto-table/auto-table-core/src/main/java/org/dromara/autotable/core/initdata/InitDataHandler.java使用或覆盖了已过时的 API。
[INFO] /Users/don/Code/个人/auto-table/auto-table-core/src/main/java/org/dromara/autotable/core/initdata/InitDataHandler.java: 有关详细信息, 请使用 -Xlint:deprecation 重新编译。
[INFO] /Users/don/Code/个人/auto-table/auto-table-core/src/main/java/org/dromara/autotable/core/builder/ColumnMetadataBuilder.java: 某些输入文件使用了未经检查或不安全的操作。
[INFO] /Users/don/Code/个人/auto-table/auto-table-core/src/main/java/org/dromara/autotable/core/builder/ColumnMetadataBuilder.java: 有关详细信息, 请使用 -Xlint:unchecked 重新编译。
[INFO] 
[INFO] --- resources:3.3.1:testResources (default-testResources) @ auto-table-core ---
[INFO] skip non existing resourceDirectory /Users/don/Code/个人/auto-table/auto-table-core/src/test/resources
[INFO] 
[INFO] --- compiler:3.12.1:testCompile (default-testCompile) @ auto-table-core ---
[INFO] No sources to compile
[INFO] 
[INFO] --- surefire:3.2.5:test (default-test) @ auto-table-core ---
[INFO] No tests to run.
[INFO] 
[INFO] --- jar:3.4.1:jar (default-jar) @ auto-table-core ---
[INFO] Building jar: /Users/don/Code/个人/auto-table/auto-table-core/target/auto-table-core-2.6.1.jar
[INFO] 
[INFO] --- source:3.3.0:jar-no-fork (attach-sources) @ auto-table-core ---
[INFO] Building jar: /Users/don/Code/个人/auto-table/auto-table-core/target/auto-table-core-2.6.1-sources.jar
[INFO] 
[INFO] --- javadoc:3.6.3:jar (attach-javadocs) @ auto-table-core ---
[INFO] No previous run data found, generating javadoc.
[ERROR] MavenReportException: Error while generating Javadoc: 
Exit code: 1
/Users/don/Code/个人/auto-table/auto-table-core/src/main/java/org/dromara/autotable/core/recordsql/AutoTableExecuteSqlLog.java:22: 错误: 找不到符号
        duplicate_key = {AutoTableExecuteSqlLog.Fields.tableSchema, AutoTableExecuteSqlLog.Fields.tableName},
                                               ^
  符号:   变量 Fields
  位置: 类 AutoTableExecuteSqlLog
/Users/don/Code/个人/auto-table/auto-table-core/src/main/java/org/dromara/autotable/core/recordsql/AutoTableExecuteSqlLog.java:22: 错误: 找不到符号
        duplicate_key = {AutoTableExecuteSqlLog.Fields.tableSchema, AutoTableExecuteSqlLog.Fields.tableName},
                                                                                          ^
  符号:   变量 Fields
  位置: 类 AutoTableExecuteSqlLog
2 个错误
Command line was: /Users/don/.sdkman/candidates/java/21.0.7.fx-librca/bin/javadoc -Xdoclint:none @options @packages

Refer to the generated Javadoc files in '/Users/don/Code/个人/auto-table/auto-table-core/target/apidocs' dir.

org.apache.maven.reporting.MavenReportException: 
Exit code: 1
/Users/don/Code/个人/auto-table/auto-table-core/src/main/java/org/dromara/autotable/core/recordsql/AutoTableExecuteSqlLog.java:22: 错误: 找不到符号
        duplicate_key = {AutoTableExecuteSqlLog.Fields.tableSchema, AutoTableExecuteSqlLog.Fields.tableName},
                                               ^
  符号:   变量 Fields
  位置: 类 AutoTableExecuteSqlLog
/Users/don/Code/个人/auto-table/auto-table-core/src/main/java/org/dromara/autotable/core/recordsql/AutoTableExecuteSqlLog.java:22: 错误: 找不到符号
        duplicate_key = {AutoTableExecuteSqlLog.Fields.tableSchema, AutoTableExecuteSqlLog.Fields.tableName},
                                                                                          ^
  符号:   变量 Fields
  位置: 类 AutoTableExecuteSqlLog
2 个错误
Command line was: /Users/don/.sdkman/candidates/java/21.0.7.fx-librca/bin/javadoc -Xdoclint:none @options @packages

Refer to the generated Javadoc files in '/Users/don/Code/个人/auto-table/auto-table-core/target/apidocs' dir.

    at org.apache.maven.plugins.javadoc.AbstractJavadocMojo.doExecuteJavadocCommandLine (AbstractJavadocMojo.java:5197)
    at org.apache.maven.plugins.javadoc.AbstractJavadocMojo.executeJavadocCommandLine (AbstractJavadocMojo.java:5070)
    at org.apache.maven.plugins.javadoc.AbstractJavadocMojo.executeReport (AbstractJavadocMojo.java:2029)
    at org.apache.maven.plugins.javadoc.JavadocJar.doExecute (JavadocJar.java:181)
    at org.apache.maven.plugins.javadoc.AbstractJavadocMojo.execute (AbstractJavadocMojo.java:1825)
    at org.apache.maven.plugin.DefaultBuildPluginManager.executeMojo (DefaultBuildPluginManager.java:126)
    at org.apache.maven.lifecycle.internal.MojoExecutor.doExecute2 (MojoExecutor.java:328)
    at org.apache.maven.lifecycle.internal.MojoExecutor.doExecute (MojoExecutor.java:316)
    at org.apache.maven.lifecycle.internal.MojoExecutor.execute (MojoExecutor.java:212)
    at org.apache.maven.lifecycle.internal.MojoExecutor.execute (MojoExecutor.java:174)
    at org.apache.maven.lifecycle.internal.MojoExecutor.access$000 (MojoExecutor.java:75)
    at org.apache.maven.lifecycle.internal.MojoExecutor$1.run (MojoExecutor.java:162)
    at org.apache.maven.plugin.DefaultMojosExecutionStrategy.execute (DefaultMojosExecutionStrategy.java:39)
    at org.apache.maven.lifecycle.internal.MojoExecutor.execute (MojoExecutor.java:159)
    at org.apache.maven.lifecycle.internal.LifecycleModuleBuilder.buildProject (LifecycleModuleBuilder.java:105)
    at org.apache.maven.lifecycle.internal.LifecycleModuleBuilder.buildProject (LifecycleModuleBuilder.java:73)
    at org.apache.maven.lifecycle.internal.builder.singlethreaded.SingleThreadedBuilder.build (SingleThreadedBuilder.java:53)
    at org.apache.maven.lifecycle.internal.LifecycleStarter.execute (LifecycleStarter.java:118)
    at org.apache.maven.DefaultMaven.doExecute (DefaultMaven.java:261)
    at org.apache.maven.DefaultMaven.doExecute (DefaultMaven.java:173)
    at org.apache.maven.DefaultMaven.execute (DefaultMaven.java:101)
    at org.apache.maven.cli.MavenCli.execute (MavenCli.java:906)
    at org.apache.maven.cli.MavenCli.doMain (MavenCli.java:283)
    at org.apache.maven.cli.MavenCli.main (MavenCli.java:206)
    at jdk.internal.reflect.DirectMethodHandleAccessor.invoke (DirectMethodHandleAccessor.java:103)
    at java.lang.reflect.Method.invoke (Method.java:580)
    at org.codehaus.plexus.classworlds.launcher.Launcher.launchEnhanced (Launcher.java:255)
    at org.codehaus.plexus.classworlds.launcher.Launcher.launch (Launcher.java:201)
    at org.codehaus.plexus.classworlds.launcher.Launcher.mainWithExitCode (Launcher.java:361)
    at org.codehaus.plexus.classworlds.launcher.Launcher.main (Launcher.java:314)
[INFO] Building jar: /Users/don/Code/个人/auto-table/auto-table-core/target/auto-table-core-2.6.1-javadoc.jar
[INFO] 
[INFO] --- checksum:1.4:files (checksum-maven-plugin-files) @ auto-table-core ---
[INFO] auto-table-core-2.6.1-sources.jar - SHA-1 : 2688899a078f4f0d8b010acee7ed8794262bad27
[INFO] auto-table-core-2.6.1-sources.jar - MD5 : e26771dcd0bdd05e91d0c54dcbd34889
[INFO] auto-table-core-2.6.1-javadoc.jar - SHA-1 : 355824189fd50f2ce039219069e5c69e8fb72051
[INFO] auto-table-core-2.6.1-javadoc.jar - MD5 : c6da5ec80a67731d57501815bf4b0c61
[INFO] auto-table-core-2.6.1.jar - SHA-1 : 2ea667d7138f65fe81ed6297a242855624d36500
[INFO] auto-table-core-2.6.1.jar - MD5 : 0c0846a7eb17ca3a75bbfc97cb4431a0
[INFO] 
[INFO] --- install:3.1.2:install (default-install) @ auto-table-core ---
[INFO] Installing /Users/don/Code/个人/auto-table/auto-table-core/pom.xml to /Users/don/.m2/repository/org/dromara/autotable/auto-table-core/2.6.1/auto-table-core-2.6.1.pom
[INFO] Installing /Users/don/Code/个人/auto-table/auto-table-core/target/auto-table-core-2.6.1.jar to /Users/don/.m2/repository/org/dromara/autotable/auto-table-core/2.6.1/auto-table-core-2.6.1.jar
[INFO] Installing /Users/don/Code/个人/auto-table/auto-table-core/target/auto-table-core-2.6.1-sources.jar to /Users/don/.m2/repository/org/dromara/autotable/auto-table-core/2.6.1/auto-table-core-2.6.1-sources.jar
[INFO] Installing /Users/don/Code/个人/auto-table/auto-table-core/target/auto-table-core-2.6.1-javadoc.jar to /Users/don/.m2/repository/org/dromara/autotable/auto-table-core/2.6.1/auto-table-core-2.6.1-javadoc.jar
[INFO] 
[INFO] --- gpg:3.1.0:sign (sign-artifacts) @ auto-table-core ---
[INFO] Signing 4 files with default secret key.
gpg: 使用 “A2D053AAEC30ADC5541F052D5E32CD6A3745B002” 作为默认签名用私钥
gpg: 使用 “A2D053AAEC30ADC5541F052D5E32CD6A3745B002” 作为默认签名用私钥
gpg: 使用 “A2D053AAEC30ADC5541F052D5E32CD6A3745B002” 作为默认签名用私钥
gpg: 使用 “A2D053AAEC30ADC5541F052D5E32CD6A3745B002” 作为默认签名用私钥
[INFO] 
[INFO] --- central-publishing:0.11.0:publish (injected-central-publishing) @ auto-table-core ---
[INFO] Using Central baseUrl: https://central.sonatype.com
[INFO] Using credentials from server id central in settings.xml
[INFO] Staging 7 files
[INFO] Staging /Users/don/Code/个人/auto-table/auto-table-core/target/auto-table-core-2.6.1.jar
[INFO] Installing /Users/don/Code/个人/auto-table/auto-table-core/target/auto-table-core-2.6.1.jar to /Users/don/Code/个人/auto-table/target/central-staging/org/dromara/autotable/auto-table-core/2.6.1/auto-table-core-2.6.1.jar
[INFO] Installing /Users/don/Code/个人/auto-table/auto-table-core/pom.xml to /Users/don/Code/个人/auto-table/target/central-staging/org/dromara/autotable/auto-table-core/2.6.1/auto-table-core-2.6.1.pom
[INFO] Staging /Users/don/Code/个人/auto-table/auto-table-core/target/auto-table-core-2.6.1-sources.jar
[INFO] Installing /Users/don/Code/个人/auto-table/auto-table-core/target/auto-table-core-2.6.1-sources.jar to /Users/don/Code/个人/auto-table/target/central-staging/org/dromara/autotable/auto-table-core/2.6.1/auto-table-core-2.6.1-sources.jar
[INFO] Staging /Users/don/Code/个人/auto-table/auto-table-core/target/auto-table-core-2.6.1-javadoc.jar
[INFO] Installing /Users/don/Code/个人/auto-table/auto-table-core/target/auto-table-core-2.6.1-javadoc.jar to /Users/don/Code/个人/auto-table/target/central-staging/org/dromara/autotable/auto-table-core/2.6.1/auto-table-core-2.6.1-javadoc.jar
[INFO] Staging /Users/don/Code/个人/auto-table/auto-table-core/target/auto-table-core-2.6.1.jar.asc
[INFO] Installing /Users/don/Code/个人/auto-table/auto-table-core/target/auto-table-core-2.6.1.jar.asc to /Users/don/Code/个人/auto-table/target/central-staging/org/dromara/autotable/auto-table-core/2.6.1/auto-table-core-2.6.1.jar.asc
[INFO] Staging /Users/don/Code/个人/auto-table/auto-table-core/target/auto-table-core-2.6.1.pom.asc
[INFO] Installing /Users/don/Code/个人/auto-table/auto-table-core/target/auto-table-core-2.6.1.pom.asc to /Users/don/Code/个人/auto-table/target/central-staging/org/dromara/autotable/auto-table-core/2.6.1/auto-table-core-2.6.1.pom.asc
[INFO] Staging /Users/don/Code/个人/auto-table/auto-table-core/target/auto-table-core-2.6.1-sources.jar.asc
[INFO] Installing /Users/don/Code/个人/auto-table/auto-table-core/target/auto-table-core-2.6.1-sources.jar.asc to /Users/don/Code/个人/auto-table/target/central-staging/org/dromara/autotable/auto-table-core/2.6.1/auto-table-core-2.6.1-sources.jar.asc
[INFO] Staging /Users/don/Code/个人/auto-table/auto-table-core/target/auto-table-core-2.6.1-javadoc.jar.asc
[INFO] Installing /Users/don/Code/个人/auto-table/auto-table-core/target/auto-table-core-2.6.1-javadoc.jar.asc to /Users/don/Code/个人/auto-table/target/central-staging/org/dromara/autotable/auto-table-core/2.6.1/auto-table-core-2.6.1-javadoc.jar.asc
[INFO] Pre Bundling - deleted /Users/don/Code/个人/auto-table/target/central-staging/org/dromara/autotable/auto-table-core/maven-metadata-central-staging.xml
[INFO] Generate checksums for dir: org/dromara/autotable/auto-table-core/2.6.1
[INFO] 
[INFO] -------------< org.dromara.autotable:auto-table-strategy >--------------
[INFO] Building auto-table-strategy 2.6.1                                [4/18]
[INFO]   from auto-table-strategy/pom.xml
[INFO] --------------------------------[ pom ]---------------------------------
[WARNING] Parameter 'annotationProcessorPaths' is unknown for plugin 'maven-javadoc-plugin:3.6.3:jar (attach-javadocs)'
[INFO] 
[INFO] --- clean:3.2.0:clean (default-clean) @ auto-table-strategy ---
[INFO] Deleting /Users/don/Code/个人/auto-table/auto-table-strategy/target
[INFO] 
[INFO] --- source:3.3.0:jar-no-fork (attach-sources) @ auto-table-strategy ---
[INFO] 
[INFO] --- javadoc:3.6.3:jar (attach-javadocs) @ auto-table-strategy ---
[INFO] Not executing Javadoc as the project is not a Java classpath-capable package
[INFO] 
[INFO] --- install:3.1.2:install (default-install) @ auto-table-strategy ---
[INFO] Installing /Users/don/Code/个人/auto-table/auto-table-strategy/pom.xml to /Users/don/.m2/repository/org/dromara/autotable/auto-table-strategy/2.6.1/auto-table-strategy-2.6.1.pom
[INFO] 
[INFO] --- gpg:3.1.0:sign (sign-artifacts) @ auto-table-strategy ---
[INFO] Signing 1 file with default secret key.
gpg: 使用 “A2D053AAEC30ADC5541F052D5E32CD6A3745B002” 作为默认签名用私钥
[INFO] 
[INFO] --- central-publishing:0.11.0:publish (injected-central-publishing) @ auto-table-strategy ---
[INFO] Using Central baseUrl: https://central.sonatype.com
[INFO] Using credentials from server id central in settings.xml
[INFO] Staging 2 files
[INFO] Staging /Users/don/Code/个人/auto-table/auto-table-strategy/pom.xml
[INFO] Installing /Users/don/Code/个人/auto-table/auto-table-strategy/pom.xml to /Users/don/Code/个人/auto-table/target/central-staging/org/dromara/autotable/auto-table-strategy/2.6.1/auto-table-strategy-2.6.1.pom
[INFO] Staging /Users/don/Code/个人/auto-table/auto-table-strategy/target/auto-table-strategy-2.6.1.pom.asc
[INFO] Installing /Users/don/Code/个人/auto-table/auto-table-strategy/target/auto-table-strategy-2.6.1.pom.asc to /Users/don/Code/个人/auto-table/target/central-staging/org/dromara/autotable/auto-table-strategy/2.6.1/auto-table-strategy-2.6.1.pom.asc
[INFO] Pre Bundling - deleted /Users/don/Code/个人/auto-table/target/central-staging/org/dromara/autotable/auto-table-strategy/maven-metadata-central-staging.xml
[INFO] Generate checksums for dir: org/dromara/autotable/auto-table-strategy/2.6.1
[INFO] 
[INFO] ------------< org.dromara.autotable:auto-table-strategy-dm >------------
[INFO] Building auto-table-strategy-dm 2.6.1                             [5/18]
[INFO]   from auto-table-strategy/auto-table-strategy-dm/pom.xml
[INFO] --------------------------------[ jar ]---------------------------------
[WARNING] Parameter 'annotationProcessorPaths' is unknown for plugin 'maven-javadoc-plugin:3.6.3:jar (attach-javadocs)'
[INFO] 
[INFO] --- clean:3.2.0:clean (default-clean) @ auto-table-strategy-dm ---
[INFO] Deleting /Users/don/Code/个人/auto-table/auto-table-strategy/auto-table-strategy-dm/target
[INFO] 
[INFO] --- resources:3.3.1:resources (default-resources) @ auto-table-strategy-dm ---
[INFO] Copying 2 resources from src/main/resources to target/classes
[INFO] 
[INFO] --- compiler:3.12.1:compile (default-compile) @ auto-table-strategy-dm ---
[INFO] Recompiling the module because of changed dependency.
[INFO] Compiling 15 source files with javac [debug parameters target 1.8] to target/classes
[WARNING] 未与 -source 8 一起设置引导类路径
[WARNING] 源值 8 已过时，将在未来发行版中删除
[WARNING] 目标值 8 已过时，将在未来发行版中删除
[WARNING] 要隐藏有关已过时选项的警告, 请使用 -Xlint:-options。
[INFO] 
[INFO] --- resources:3.3.1:testResources (default-testResources) @ auto-table-strategy-dm ---
[INFO] skip non existing resourceDirectory /Users/don/Code/个人/auto-table/auto-table-strategy/auto-table-strategy-dm/src/test/resources
[INFO] 
[INFO] --- compiler:3.12.1:testCompile (default-testCompile) @ auto-table-strategy-dm ---
[INFO] No sources to compile
[INFO] 
[INFO] --- surefire:3.2.5:test (default-test) @ auto-table-strategy-dm ---
[INFO] No tests to run.
[INFO] 
[INFO] --- jar:3.4.1:jar (default-jar) @ auto-table-strategy-dm ---
[INFO] Building jar: /Users/don/Code/个人/auto-table/auto-table-strategy/auto-table-strategy-dm/target/auto-table-strategy-dm-2.6.1.jar
[INFO] 
[INFO] --- source:3.3.0:jar-no-fork (attach-sources) @ auto-table-strategy-dm ---
[INFO] Building jar: /Users/don/Code/个人/auto-table/auto-table-strategy/auto-table-strategy-dm/target/auto-table-strategy-dm-2.6.1-sources.jar
[INFO] 
[INFO] --- javadoc:3.6.3:jar (attach-javadocs) @ auto-table-strategy-dm ---
[ERROR] Error fetching link: /Users/don/Code/个人/auto-table/auto-table-core/target/apidocs. Ignored it.
[INFO] No previous run data found, generating javadoc.
[INFO] Building jar: /Users/don/Code/个人/auto-table/auto-table-strategy/auto-table-strategy-dm/target/auto-table-strategy-dm-2.6.1-javadoc.jar
[INFO] 
[INFO] --- install:3.1.2:install (default-install) @ auto-table-strategy-dm ---
[INFO] Installing /Users/don/Code/个人/auto-table/auto-table-strategy/auto-table-strategy-dm/pom.xml to /Users/don/.m2/repository/org/dromara/autotable/auto-table-strategy-dm/2.6.1/auto-table-strategy-dm-2.6.1.pom
[INFO] Installing /Users/don/Code/个人/auto-table/auto-table-strategy/auto-table-strategy-dm/target/auto-table-strategy-dm-2.6.1.jar to /Users/don/.m2/repository/org/dromara/autotable/auto-table-strategy-dm/2.6.1/auto-table-strategy-dm-2.6.1.jar
[INFO] Installing /Users/don/Code/个人/auto-table/auto-table-strategy/auto-table-strategy-dm/target/auto-table-strategy-dm-2.6.1-sources.jar to /Users/don/.m2/repository/org/dromara/autotable/auto-table-strategy-dm/2.6.1/auto-table-strategy-dm-2.6.1-sources.jar
[INFO] Installing /Users/don/Code/个人/auto-table/auto-table-strategy/auto-table-strategy-dm/target/auto-table-strategy-dm-2.6.1-javadoc.jar to /Users/don/.m2/repository/org/dromara/autotable/auto-table-strategy-dm/2.6.1/auto-table-strategy-dm-2.6.1-javadoc.jar
[INFO] 
[INFO] --- gpg:3.1.0:sign (sign-artifacts) @ auto-table-strategy-dm ---
[INFO] Signing 4 files with default secret key.
gpg: 使用 “A2D053AAEC30ADC5541F052D5E32CD6A3745B002” 作为默认签名用私钥
gpg: 使用 “A2D053AAEC30ADC5541F052D5E32CD6A3745B002” 作为默认签名用私钥
gpg: 使用 “A2D053AAEC30ADC5541F052D5E32CD6A3745B002” 作为默认签名用私钥
gpg: 使用 “A2D053AAEC30ADC5541F052D5E32CD6A3745B002” 作为默认签名用私钥
[INFO] 
[INFO] --- central-publishing:0.11.0:publish (injected-central-publishing) @ auto-table-strategy-dm ---
[INFO] Using Central baseUrl: https://central.sonatype.com
[INFO] Using credentials from server id central in settings.xml
[INFO] Staging 7 files
[INFO] Staging /Users/don/Code/个人/auto-table/auto-table-strategy/auto-table-strategy-dm/target/auto-table-strategy-dm-2.6.1.jar
[INFO] Installing /Users/don/Code/个人/auto-table/auto-table-strategy/auto-table-strategy-dm/target/auto-table-strategy-dm-2.6.1.jar to /Users/don/Code/个人/auto-table/target/central-staging/org/dromara/autotable/auto-table-strategy-dm/2.6.1/auto-table-strategy-dm-2.6.1.jar
[INFO] Installing /Users/don/Code/个人/auto-table/auto-table-strategy/auto-table-strategy-dm/pom.xml to /Users/don/Code/个人/auto-table/target/central-staging/org/dromara/autotable/auto-table-strategy-dm/2.6.1/auto-table-strategy-dm-2.6.1.pom
[INFO] Staging /Users/don/Code/个人/auto-table/auto-table-strategy/auto-table-strategy-dm/target/auto-table-strategy-dm-2.6.1-sources.jar
[INFO] Installing /Users/don/Code/个人/auto-table/auto-table-strategy/auto-table-strategy-dm/target/auto-table-strategy-dm-2.6.1-sources.jar to /Users/don/Code/个人/auto-table/target/central-staging/org/dromara/autotable/auto-table-strategy-dm/2.6.1/auto-table-strategy-dm-2.6.1-sources.jar
[INFO] Staging /Users/don/Code/个人/auto-table/auto-table-strategy/auto-table-strategy-dm/target/auto-table-strategy-dm-2.6.1-javadoc.jar
[INFO] Installing /Users/don/Code/个人/auto-table/auto-table-strategy/auto-table-strategy-dm/target/auto-table-strategy-dm-2.6.1-javadoc.jar to /Users/don/Code/个人/auto-table/target/central-staging/org/dromara/autotable/auto-table-strategy-dm/2.6.1/auto-table-strategy-dm-2.6.1-javadoc.jar
[INFO] Staging /Users/don/Code/个人/auto-table/auto-table-strategy/auto-table-strategy-dm/target/auto-table-strategy-dm-2.6.1.jar.asc
[INFO] Installing /Users/don/Code/个人/auto-table/auto-table-strategy/auto-table-strategy-dm/target/auto-table-strategy-dm-2.6.1.jar.asc to /Users/don/Code/个人/auto-table/target/central-staging/org/dromara/autotable/auto-table-strategy-dm/2.6.1/auto-table-strategy-dm-2.6.1.jar.asc
[INFO] Staging /Users/don/Code/个人/auto-table/auto-table-strategy/auto-table-strategy-dm/target/auto-table-strategy-dm-2.6.1.pom.asc
[INFO] Installing /Users/don/Code/个人/auto-table/auto-table-strategy/auto-table-strategy-dm/target/auto-table-strategy-dm-2.6.1.pom.asc to /Users/don/Code/个人/auto-table/target/central-staging/org/dromara/autotable/auto-table-strategy-dm/2.6.1/auto-table-strategy-dm-2.6.1.pom.asc
[INFO] Staging /Users/don/Code/个人/auto-table/auto-table-strategy/auto-table-strategy-dm/target/auto-table-strategy-dm-2.6.1-sources.jar.asc
[INFO] Installing /Users/don/Code/个人/auto-table/auto-table-strategy/auto-table-strategy-dm/target/auto-table-strategy-dm-2.6.1-sources.jar.asc to /Users/don/Code/个人/auto-table/target/central-staging/org/dromara/autotable/auto-table-strategy-dm/2.6.1/auto-table-strategy-dm-2.6.1-sources.jar.asc
[INFO] Staging /Users/don/Code/个人/auto-table/auto-table-strategy/auto-table-strategy-dm/target/auto-table-strategy-dm-2.6.1-javadoc.jar.asc
[INFO] Installing /Users/don/Code/个人/auto-table/auto-table-strategy/auto-table-strategy-dm/target/auto-table-strategy-dm-2.6.1-javadoc.jar.asc to /Users/don/Code/个人/auto-table/target/central-staging/org/dromara/autotable/auto-table-strategy-dm/2.6.1/auto-table-strategy-dm-2.6.1-javadoc.jar.asc
[INFO] Pre Bundling - deleted /Users/don/Code/个人/auto-table/target/central-staging/org/dromara/autotable/auto-table-strategy-dm/maven-metadata-central-staging.xml
[INFO] Generate checksums for dir: org/dromara/autotable/auto-table-strategy-dm/2.6.1
[INFO] 
[INFO] ----------< org.dromara.autotable:auto-table-strategy-doris >-----------
[INFO] Building auto-table-strategy-doris 2.6.1                          [6/18]
[INFO]   from auto-table-strategy/auto-table-strategy-doris/pom.xml
[INFO] --------------------------------[ jar ]---------------------------------
[WARNING] Parameter 'annotationProcessorPaths' is unknown for plugin 'maven-javadoc-plugin:3.6.3:jar (attach-javadocs)'
[INFO] 
[INFO] --- clean:3.2.0:clean (default-clean) @ auto-table-strategy-doris ---
[INFO] Deleting /Users/don/Code/个人/auto-table/auto-table-strategy/auto-table-strategy-doris/target
[INFO] 
[INFO] --- resources:3.3.1:resources (default-resources) @ auto-table-strategy-doris ---
[INFO] Copying 2 resources from src/main/resources to target/classes
[INFO] 
[INFO] --- compiler:3.12.1:compile (default-compile) @ auto-table-strategy-doris ---
[INFO] Recompiling the module because of changed dependency.
[INFO] Compiling 16 source files with javac [debug parameters target 1.8] to target/classes
[WARNING] 未与 -source 8 一起设置引导类路径
[WARNING] 源值 8 已过时，将在未来发行版中删除
[WARNING] 目标值 8 已过时，将在未来发行版中删除
[WARNING] 要隐藏有关已过时选项的警告, 请使用 -Xlint:-options。
[INFO] 
[INFO] --- resources:3.3.1:testResources (default-testResources) @ auto-table-strategy-doris ---
[INFO] skip non existing resourceDirectory /Users/don/Code/个人/auto-table/auto-table-strategy/auto-table-strategy-doris/src/test/resources
[INFO] 
[INFO] --- compiler:3.12.1:testCompile (default-testCompile) @ auto-table-strategy-doris ---
[INFO] No sources to compile
[INFO] 
[INFO] --- surefire:3.2.5:test (default-test) @ auto-table-strategy-doris ---
[INFO] No tests to run.
[INFO] 
[INFO] --- jar:3.4.1:jar (default-jar) @ auto-table-strategy-doris ---
[INFO] Building jar: /Users/don/Code/个人/auto-table/auto-table-strategy/auto-table-strategy-doris/target/auto-table-strategy-doris-2.6.1.jar
[INFO] 
[INFO] --- source:3.3.0:jar-no-fork (attach-sources) @ auto-table-strategy-doris ---
[INFO] Building jar: /Users/don/Code/个人/auto-table/auto-table-strategy/auto-table-strategy-doris/target/auto-table-strategy-doris-2.6.1-sources.jar
[INFO] 
[INFO] --- javadoc:3.6.3:jar (attach-javadocs) @ auto-table-strategy-doris ---
[ERROR] Error fetching link: /Users/don/Code/个人/auto-table/auto-table-core/target/apidocs. Ignored it.
[INFO] No previous run data found, generating javadoc.
[INFO] Building jar: /Users/don/Code/个人/auto-table/auto-table-strategy/auto-table-strategy-doris/target/auto-table-strategy-doris-2.6.1-javadoc.jar
[INFO] 
[INFO] --- install:3.1.2:install (default-install) @ auto-table-strategy-doris ---
[INFO] Installing /Users/don/Code/个人/auto-table/auto-table-strategy/auto-table-strategy-doris/pom.xml to /Users/don/.m2/repository/org/dromara/autotable/auto-table-strategy-doris/2.6.1/auto-table-strategy-doris-2.6.1.pom
[INFO] Installing /Users/don/Code/个人/auto-table/auto-table-strategy/auto-table-strategy-doris/target/auto-table-strategy-doris-2.6.1.jar to /Users/don/.m2/repository/org/dromara/autotable/auto-table-strategy-doris/2.6.1/auto-table-strategy-doris-2.6.1.jar
[INFO] Installing /Users/don/Code/个人/auto-table/auto-table-strategy/auto-table-strategy-doris/target/auto-table-strategy-doris-2.6.1-sources.jar to /Users/don/.m2/repository/org/dromara/autotable/auto-table-strategy-doris/2.6.1/auto-table-strategy-doris-2.6.1-sources.jar
[INFO] Installing /Users/don/Code/个人/auto-table/auto-table-strategy/auto-table-strategy-doris/target/auto-table-strategy-doris-2.6.1-javadoc.jar to /Users/don/.m2/repository/org/dromara/autotable/auto-table-strategy-doris/2.6.1/auto-table-strategy-doris-2.6.1-javadoc.jar
[INFO] 
[INFO] --- gpg:3.1.0:sign (sign-artifacts) @ auto-table-strategy-doris ---
[INFO] Signing 4 files with default secret key.
gpg: 使用 “A2D053AAEC30ADC5541F052D5E32CD6A3745B002” 作为默认签名用私钥
gpg: 使用 “A2D053AAEC30ADC5541F052D5E32CD6A3745B002” 作为默认签名用私钥
gpg: 使用 “A2D053AAEC30ADC5541F052D5E32CD6A3745B002” 作为默认签名用私钥
gpg: 使用 “A2D053AAEC30ADC5541F052D5E32CD6A3745B002” 作为默认签名用私钥
[INFO] 
[INFO] --- central-publishing:0.11.0:publish (injected-central-publishing) @ auto-table-strategy-doris ---
[INFO] Using Central baseUrl: https://central.sonatype.com
[INFO] Using credentials from server id central in settings.xml
[INFO] Staging 7 files
[INFO] Staging /Users/don/Code/个人/auto-table/auto-table-strategy/auto-table-strategy-doris/target/auto-table-strategy-doris-2.6.1.jar
[INFO] Installing /Users/don/Code/个人/auto-table/auto-table-strategy/auto-table-strategy-doris/target/auto-table-strategy-doris-2.6.1.jar to /Users/don/Code/个人/auto-table/target/central-staging/org/dromara/autotable/auto-table-strategy-doris/2.6.1/auto-table-strategy-doris-2.6.1.jar
[INFO] Installing /Users/don/Code/个人/auto-table/auto-table-strategy/auto-table-strategy-doris/pom.xml to /Users/don/Code/个人/auto-table/target/central-staging/org/dromara/autotable/auto-table-strategy-doris/2.6.1/auto-table-strategy-doris-2.6.1.pom
[INFO] Staging /Users/don/Code/个人/auto-table/auto-table-strategy/auto-table-strategy-doris/target/auto-table-strategy-doris-2.6.1-sources.jar
[INFO] Installing /Users/don/Code/个人/auto-table/auto-table-strategy/auto-table-strategy-doris/target/auto-table-strategy-doris-2.6.1-sources.jar to /Users/don/Code/个人/auto-table/target/central-staging/org/dromara/autotable/auto-table-strategy-doris/2.6.1/auto-table-strategy-doris-2.6.1-sources.jar
[INFO] Staging /Users/don/Code/个人/auto-table/auto-table-strategy/auto-table-strategy-doris/target/auto-table-strategy-doris-2.6.1-javadoc.jar
[INFO] Installing /Users/don/Code/个人/auto-table/auto-table-strategy/auto-table-strategy-doris/target/auto-table-strategy-doris-2.6.1-javadoc.jar to /Users/don/Code/个人/auto-table/target/central-staging/org/dromara/autotable/auto-table-strategy-doris/2.6.1/auto-table-strategy-doris-2.6.1-javadoc.jar
[INFO] Staging /Users/don/Code/个人/auto-table/auto-table-strategy/auto-table-strategy-doris/target/auto-table-strategy-doris-2.6.1.jar.asc
[INFO] Installing /Users/don/Code/个人/auto-table/auto-table-strategy/auto-table-strategy-doris/target/auto-table-strategy-doris-2.6.1.jar.asc to /Users/don/Code/个人/auto-table/target/central-staging/org/dromara/autotable/auto-table-strategy-doris/2.6.1/auto-table-strategy-doris-2.6.1.jar.asc
[INFO] Staging /Users/don/Code/个人/auto-table/auto-table-strategy/auto-table-strategy-doris/target/auto-table-strategy-doris-2.6.1.pom.asc
[INFO] Installing /Users/don/Code/个人/auto-table/auto-table-strategy/auto-table-strategy-doris/target/auto-table-strategy-doris-2.6.1.pom.asc to /Users/don/Code/个人/auto-table/target/central-staging/org/dromara/autotable/auto-table-strategy-doris/2.6.1/auto-table-strategy-doris-2.6.1.pom.asc
[INFO] Staging /Users/don/Code/个人/auto-table/auto-table-strategy/auto-table-strategy-doris/target/auto-table-strategy-doris-2.6.1-sources.jar.asc
[INFO] Installing /Users/don/Code/个人/auto-table/auto-table-strategy/auto-table-strategy-doris/target/auto-table-strategy-doris-2.6.1-sources.jar.asc to /Users/don/Code/个人/auto-table/target/central-staging/org/dromara/autotable/auto-table-strategy-doris/2.6.1/auto-table-strategy-doris-2.6.1-sources.jar.asc
[INFO] Staging /Users/don/Code/个人/auto-table/auto-table-strategy/auto-table-strategy-doris/target/auto-table-strategy-doris-2.6.1-javadoc.jar.asc
[INFO] Installing /Users/don/Code/个人/auto-table/auto-table-strategy/auto-table-strategy-doris/target/auto-table-strategy-doris-2.6.1-javadoc.jar.asc to /Users/don/Code/个人/auto-table/target/central-staging/org/dromara/autotable/auto-table-strategy-doris/2.6.1/auto-table-strategy-doris-2.6.1-javadoc.jar.asc
[INFO] Pre Bundling - deleted /Users/don/Code/个人/auto-table/target/central-staging/org/dromara/autotable/auto-table-strategy-doris/maven-metadata-central-staging.xml
[INFO] Generate checksums for dir: org/dromara/autotable/auto-table-strategy-doris/2.6.1
[INFO] 
[INFO] ------------< org.dromara.autotable:auto-table-strategy-h2 >------------
[INFO] Building auto-table-strategy-h2 2.6.1                             [7/18]
[INFO]   from auto-table-strategy/auto-table-strategy-h2/pom.xml
[INFO] --------------------------------[ jar ]---------------------------------
[WARNING] Parameter 'annotationProcessorPaths' is unknown for plugin 'maven-javadoc-plugin:3.6.3:jar (attach-javadocs)'
[INFO] 
[INFO] --- clean:3.2.0:clean (default-clean) @ auto-table-strategy-h2 ---
[INFO] Deleting /Users/don/Code/个人/auto-table/auto-table-strategy/auto-table-strategy-h2/target
[INFO] 
[INFO] --- resources:3.3.1:resources (default-resources) @ auto-table-strategy-h2 ---
[INFO] Copying 1 resource from src/main/resources to target/classes
[INFO] 
[INFO] --- compiler:3.12.1:compile (default-compile) @ auto-table-strategy-h2 ---
[INFO] Recompiling the module because of changed dependency.
[INFO] Compiling 12 source files with javac [debug parameters target 1.8] to target/classes
[WARNING] 未与 -source 8 一起设置引导类路径
[WARNING] 源值 8 已过时，将在未来发行版中删除
[WARNING] 目标值 8 已过时，将在未来发行版中删除
[WARNING] 要隐藏有关已过时选项的警告, 请使用 -Xlint:-options。
[INFO] 
[INFO] --- resources:3.3.1:testResources (default-testResources) @ auto-table-strategy-h2 ---
[INFO] skip non existing resourceDirectory /Users/don/Code/个人/auto-table/auto-table-strategy/auto-table-strategy-h2/src/test/resources
[INFO] 
[INFO] --- compiler:3.12.1:testCompile (default-testCompile) @ auto-table-strategy-h2 ---
[INFO] Recompiling the module because of changed dependency.
[INFO] 
[INFO] --- surefire:3.2.5:test (default-test) @ auto-table-strategy-h2 ---
[INFO] 
[INFO] --- jar:3.4.1:jar (default-jar) @ auto-table-strategy-h2 ---
[INFO] Building jar: /Users/don/Code/个人/auto-table/auto-table-strategy/auto-table-strategy-h2/target/auto-table-strategy-h2-2.6.1.jar
[INFO] 
[INFO] --- source:3.3.0:jar-no-fork (attach-sources) @ auto-table-strategy-h2 ---
[INFO] Building jar: /Users/don/Code/个人/auto-table/auto-table-strategy/auto-table-strategy-h2/target/auto-table-strategy-h2-2.6.1-sources.jar
[INFO] 
[INFO] --- javadoc:3.6.3:jar (attach-javadocs) @ auto-table-strategy-h2 ---
[ERROR] Error fetching link: /Users/don/Code/个人/auto-table/auto-table-core/target/apidocs. Ignored it.
[INFO] No previous run data found, generating javadoc.
[INFO] Building jar: /Users/don/Code/个人/auto-table/auto-table-strategy/auto-table-strategy-h2/target/auto-table-strategy-h2-2.6.1-javadoc.jar
[INFO] 
[INFO] --- install:3.1.2:install (default-install) @ auto-table-strategy-h2 ---
[INFO] Installing /Users/don/Code/个人/auto-table/auto-table-strategy/auto-table-strategy-h2/pom.xml to /Users/don/.m2/repository/org/dromara/autotable/auto-table-strategy-h2/2.6.1/auto-table-strategy-h2-2.6.1.pom
[INFO] Installing /Users/don/Code/个人/auto-table/auto-table-strategy/auto-table-strategy-h2/target/auto-table-strategy-h2-2.6.1.jar to /Users/don/.m2/repository/org/dromara/autotable/auto-table-strategy-h2/2.6.1/auto-table-strategy-h2-2.6.1.jar
[INFO] Installing /Users/don/Code/个人/auto-table/auto-table-strategy/auto-table-strategy-h2/target/auto-table-strategy-h2-2.6.1-sources.jar to /Users/don/.m2/repository/org/dromara/autotable/auto-table-strategy-h2/2.6.1/auto-table-strategy-h2-2.6.1-sources.jar
[INFO] Installing /Users/don/Code/个人/auto-table/auto-table-strategy/auto-table-strategy-h2/target/auto-table-strategy-h2-2.6.1-javadoc.jar to /Users/don/.m2/repository/org/dromara/autotable/auto-table-strategy-h2/2.6.1/auto-table-strategy-h2-2.6.1-javadoc.jar
[INFO] 
[INFO] --- gpg:3.1.0:sign (sign-artifacts) @ auto-table-strategy-h2 ---
[INFO] Signing 4 files with default secret key.
gpg: 使用 “A2D053AAEC30ADC5541F052D5E32CD6A3745B002” 作为默认签名用私钥
gpg: 使用 “A2D053AAEC30ADC5541F052D5E32CD6A3745B002” 作为默认签名用私钥
gpg: 使用 “A2D053AAEC30ADC5541F052D5E32CD6A3745B002” 作为默认签名用私钥
gpg: 使用 “A2D053AAEC30ADC5541F052D5E32CD6A3745B002” 作为默认签名用私钥
[INFO] 
[INFO] --- central-publishing:0.11.0:publish (injected-central-publishing) @ auto-table-strategy-h2 ---
[INFO] Using Central baseUrl: https://central.sonatype.com
[INFO] Using credentials from server id central in settings.xml
[INFO] Staging 7 files
[INFO] Staging /Users/don/Code/个人/auto-table/auto-table-strategy/auto-table-strategy-h2/target/auto-table-strategy-h2-2.6.1.jar
[INFO] Installing /Users/don/Code/个人/auto-table/auto-table-strategy/auto-table-strategy-h2/target/auto-table-strategy-h2-2.6.1.jar to /Users/don/Code/个人/auto-table/target/central-staging/org/dromara/autotable/auto-table-strategy-h2/2.6.1/auto-table-strategy-h2-2.6.1.jar
[INFO] Installing /Users/don/Code/个人/auto-table/auto-table-strategy/auto-table-strategy-h2/pom.xml to /Users/don/Code/个人/auto-table/target/central-staging/org/dromara/autotable/auto-table-strategy-h2/2.6.1/auto-table-strategy-h2-2.6.1.pom
[INFO] Staging /Users/don/Code/个人/auto-table/auto-table-strategy/auto-table-strategy-h2/target/auto-table-strategy-h2-2.6.1-sources.jar
[INFO] Installing /Users/don/Code/个人/auto-table/auto-table-strategy/auto-table-strategy-h2/target/auto-table-strategy-h2-2.6.1-sources.jar to /Users/don/Code/个人/auto-table/target/central-staging/org/dromara/autotable/auto-table-strategy-h2/2.6.1/auto-table-strategy-h2-2.6.1-sources.jar
[INFO] Staging /Users/don/Code/个人/auto-table/auto-table-strategy/auto-table-strategy-h2/target/auto-table-strategy-h2-2.6.1-javadoc.jar
[INFO] Installing /Users/don/Code/个人/auto-table/auto-table-strategy/auto-table-strategy-h2/target/auto-table-strategy-h2-2.6.1-javadoc.jar to /Users/don/Code/个人/auto-table/target/central-staging/org/dromara/autotable/auto-table-strategy-h2/2.6.1/auto-table-strategy-h2-2.6.1-javadoc.jar
[INFO] Staging /Users/don/Code/个人/auto-table/auto-table-strategy/auto-table-strategy-h2/target/auto-table-strategy-h2-2.6.1.jar.asc
[INFO] Installing /Users/don/Code/个人/auto-table/auto-table-strategy/auto-table-strategy-h2/target/auto-table-strategy-h2-2.6.1.jar.asc to /Users/don/Code/个人/auto-table/target/central-staging/org/dromara/autotable/auto-table-strategy-h2/2.6.1/auto-table-strategy-h2-2.6.1.jar.asc
[INFO] Staging /Users/don/Code/个人/auto-table/auto-table-strategy/auto-table-strategy-h2/target/auto-table-strategy-h2-2.6.1.pom.asc
[INFO] Installing /Users/don/Code/个人/auto-table/auto-table-strategy/auto-table-strategy-h2/target/auto-table-strategy-h2-2.6.1.pom.asc to /Users/don/Code/个人/auto-table/target/central-staging/org/dromara/autotable/auto-table-strategy-h2/2.6.1/auto-table-strategy-h2-2.6.1.pom.asc
[INFO] Staging /Users/don/Code/个人/auto-table/auto-table-strategy/auto-table-strategy-h2/target/auto-table-strategy-h2-2.6.1-sources.jar.asc
[INFO] Installing /Users/don/Code/个人/auto-table/auto-table-strategy/auto-table-strategy-h2/target/auto-table-strategy-h2-2.6.1-sources.jar.asc to /Users/don/Code/个人/auto-table/target/central-staging/org/dromara/autotable/auto-table-strategy-h2/2.6.1/auto-table-strategy-h2-2.6.1-sources.jar.asc
[INFO] Staging /Users/don/Code/个人/auto-table/auto-table-strategy/auto-table-strategy-h2/target/auto-table-strategy-h2-2.6.1-javadoc.jar.asc
[INFO] Installing /Users/don/Code/个人/auto-table/auto-table-strategy/auto-table-strategy-h2/target/auto-table-strategy-h2-2.6.1-javadoc.jar.asc to /Users/don/Code/个人/auto-table/target/central-staging/org/dromara/autotable/auto-table-strategy-h2/2.6.1/auto-table-strategy-h2-2.6.1-javadoc.jar.asc
[INFO] Pre Bundling - deleted /Users/don/Code/个人/auto-table/target/central-staging/org/dromara/autotable/auto-table-strategy-h2/maven-metadata-central-staging.xml
[INFO] Generate checksums for dir: org/dromara/autotable/auto-table-strategy-h2/2.6.1
[INFO] 
[INFO] ----------< org.dromara.autotable:auto-table-strategy-pgsql >-----------
[INFO] Building auto-table-strategy-pgsql 2.6.1                          [8/18]
[INFO]   from auto-table-strategy/auto-table-strategy-pgsql/pom.xml
[INFO] --------------------------------[ jar ]---------------------------------
[WARNING] Parameter 'annotationProcessorPaths' is unknown for plugin 'maven-javadoc-plugin:3.6.3:jar (attach-javadocs)'
[INFO] 
[INFO] --- clean:3.2.0:clean (default-clean) @ auto-table-strategy-pgsql ---
[INFO] Deleting /Users/don/Code/个人/auto-table/auto-table-strategy/auto-table-strategy-pgsql/target
[INFO] 
[INFO] --- resources:3.3.1:resources (default-resources) @ auto-table-strategy-pgsql ---
[INFO] Copying 2 resources from src/main/resources to target/classes
[INFO] 
[INFO] --- compiler:3.12.1:compile (default-compile) @ auto-table-strategy-pgsql ---
[INFO] Recompiling the module because of changed dependency.
[INFO] Compiling 15 source files with javac [debug parameters target 1.8] to target/classes
[WARNING] 未与 -source 8 一起设置引导类路径
[WARNING] 源值 8 已过时，将在未来发行版中删除
[WARNING] 目标值 8 已过时，将在未来发行版中删除
[WARNING] 要隐藏有关已过时选项的警告, 请使用 -Xlint:-options。
[INFO] 
[INFO] --- resources:3.3.1:testResources (default-testResources) @ auto-table-strategy-pgsql ---
[INFO] skip non existing resourceDirectory /Users/don/Code/个人/auto-table/auto-table-strategy/auto-table-strategy-pgsql/src/test/resources
[INFO] 
[INFO] --- compiler:3.12.1:testCompile (default-testCompile) @ auto-table-strategy-pgsql ---
[INFO] Recompiling the module because of changed dependency.
[INFO] 
[INFO] --- surefire:3.2.5:test (default-test) @ auto-table-strategy-pgsql ---
[INFO] 
[INFO] --- jar:3.4.1:jar (default-jar) @ auto-table-strategy-pgsql ---
[INFO] Building jar: /Users/don/Code/个人/auto-table/auto-table-strategy/auto-table-strategy-pgsql/target/auto-table-strategy-pgsql-2.6.1.jar
[INFO] 
[INFO] --- source:3.3.0:jar-no-fork (attach-sources) @ auto-table-strategy-pgsql ---
[INFO] Building jar: /Users/don/Code/个人/auto-table/auto-table-strategy/auto-table-strategy-pgsql/target/auto-table-strategy-pgsql-2.6.1-sources.jar
[INFO] 
[INFO] --- javadoc:3.6.3:jar (attach-javadocs) @ auto-table-strategy-pgsql ---
[ERROR] Error fetching link: /Users/don/Code/个人/auto-table/auto-table-core/target/apidocs. Ignored it.
[INFO] No previous run data found, generating javadoc.
[INFO] Building jar: /Users/don/Code/个人/auto-table/auto-table-strategy/auto-table-strategy-pgsql/target/auto-table-strategy-pgsql-2.6.1-javadoc.jar
[INFO] 
[INFO] --- install:3.1.2:install (default-install) @ auto-table-strategy-pgsql ---
[INFO] Installing /Users/don/Code/个人/auto-table/auto-table-strategy/auto-table-strategy-pgsql/pom.xml to /Users/don/.m2/repository/org/dromara/autotable/auto-table-strategy-pgsql/2.6.1/auto-table-strategy-pgsql-2.6.1.pom
[INFO] Installing /Users/don/Code/个人/auto-table/auto-table-strategy/auto-table-strategy-pgsql/target/auto-table-strategy-pgsql-2.6.1.jar to /Users/don/.m2/repository/org/dromara/autotable/auto-table-strategy-pgsql/2.6.1/auto-table-strategy-pgsql-2.6.1.jar
[INFO] Installing /Users/don/Code/个人/auto-table/auto-table-strategy/auto-table-strategy-pgsql/target/auto-table-strategy-pgsql-2.6.1-sources.jar to /Users/don/.m2/repository/org/dromara/autotable/auto-table-strategy-pgsql/2.6.1/auto-table-strategy-pgsql-2.6.1-sources.jar
[INFO] Installing /Users/don/Code/个人/auto-table/auto-table-strategy/auto-table-strategy-pgsql/target/auto-table-strategy-pgsql-2.6.1-javadoc.jar to /Users/don/.m2/repository/org/dromara/autotable/auto-table-strategy-pgsql/2.6.1/auto-table-strategy-pgsql-2.6.1-javadoc.jar
[INFO] 
[INFO] --- gpg:3.1.0:sign (sign-artifacts) @ auto-table-strategy-pgsql ---
[INFO] Signing 4 files with default secret key.
gpg: 使用 “A2D053AAEC30ADC5541F052D5E32CD6A3745B002” 作为默认签名用私钥
gpg: 使用 “A2D053AAEC30ADC5541F052D5E32CD6A3745B002” 作为默认签名用私钥
gpg: 使用 “A2D053AAEC30ADC5541F052D5E32CD6A3745B002” 作为默认签名用私钥
gpg: 使用 “A2D053AAEC30ADC5541F052D5E32CD6A3745B002” 作为默认签名用私钥
[INFO] 
[INFO] --- central-publishing:0.11.0:publish (injected-central-publishing) @ auto-table-strategy-pgsql ---
[INFO] Using Central baseUrl: https://central.sonatype.com
[INFO] Using credentials from server id central in settings.xml
[INFO] Staging 7 files
[INFO] Staging /Users/don/Code/个人/auto-table/auto-table-strategy/auto-table-strategy-pgsql/target/auto-table-strategy-pgsql-2.6.1.jar
[INFO] Installing /Users/don/Code/个人/auto-table/auto-table-strategy/auto-table-strategy-pgsql/target/auto-table-strategy-pgsql-2.6.1.jar to /Users/don/Code/个人/auto-table/target/central-staging/org/dromara/autotable/auto-table-strategy-pgsql/2.6.1/auto-table-strategy-pgsql-2.6.1.jar
[INFO] Installing /Users/don/Code/个人/auto-table/auto-table-strategy/auto-table-strategy-pgsql/pom.xml to /Users/don/Code/个人/auto-table/target/central-staging/org/dromara/autotable/auto-table-strategy-pgsql/2.6.1/auto-table-strategy-pgsql-2.6.1.pom
[INFO] Staging /Users/don/Code/个人/auto-table/auto-table-strategy/auto-table-strategy-pgsql/target/auto-table-strategy-pgsql-2.6.1-sources.jar
[INFO] Installing /Users/don/Code/个人/auto-table/auto-table-strategy/auto-table-strategy-pgsql/target/auto-table-strategy-pgsql-2.6.1-sources.jar to /Users/don/Code/个人/auto-table/target/central-staging/org/dromara/autotable/auto-table-strategy-pgsql/2.6.1/auto-table-strategy-pgsql-2.6.1-sources.jar
[INFO] Staging /Users/don/Code/个人/auto-table/auto-table-strategy/auto-table-strategy-pgsql/target/auto-table-strategy-pgsql-2.6.1-javadoc.jar
[INFO] Installing /Users/don/Code/个人/auto-table/auto-table-strategy/auto-table-strategy-pgsql/target/auto-table-strategy-pgsql-2.6.1-javadoc.jar to /Users/don/Code/个人/auto-table/target/central-staging/org/dromara/autotable/auto-table-strategy-pgsql/2.6.1/auto-table-strategy-pgsql-2.6.1-javadoc.jar
[INFO] Staging /Users/don/Code/个人/auto-table/auto-table-strategy/auto-table-strategy-pgsql/target/auto-table-strategy-pgsql-2.6.1.jar.asc
[INFO] Installing /Users/don/Code/个人/auto-table/auto-table-strategy/auto-table-strategy-pgsql/target/auto-table-strategy-pgsql-2.6.1.jar.asc to /Users/don/Code/个人/auto-table/target/central-staging/org/dromara/autotable/auto-table-strategy-pgsql/2.6.1/auto-table-strategy-pgsql-2.6.1.jar.asc
[INFO] Staging /Users/don/Code/个人/auto-table/auto-table-strategy/auto-table-strategy-pgsql/target/auto-table-strategy-pgsql-2.6.1.pom.asc
[INFO] Installing /Users/don/Code/个人/auto-table/auto-table-strategy/auto-table-strategy-pgsql/target/auto-table-strategy-pgsql-2.6.1.pom.asc to /Users/don/Code/个人/auto-table/target/central-staging/org/dromara/autotable/auto-table-strategy-pgsql/2.6.1/auto-table-strategy-pgsql-2.6.1.pom.asc
[INFO] Staging /Users/don/Code/个人/auto-table/auto-table-strategy/auto-table-strategy-pgsql/target/auto-table-strategy-pgsql-2.6.1-sources.jar.asc
[INFO] Installing /Users/don/Code/个人/auto-table/auto-table-strategy/auto-table-strategy-pgsql/target/auto-table-strategy-pgsql-2.6.1-sources.jar.asc to /Users/don/Code/个人/auto-table/target/central-staging/org/dromara/autotable/auto-table-strategy-pgsql/2.6.1/auto-table-strategy-pgsql-2.6.1-sources.jar.asc
[INFO] Staging /Users/don/Code/个人/auto-table/auto-table-strategy/auto-table-strategy-pgsql/target/auto-table-strategy-pgsql-2.6.1-javadoc.jar.asc
[INFO] Installing /Users/don/Code/个人/auto-table/auto-table-strategy/auto-table-strategy-pgsql/target/auto-table-strategy-pgsql-2.6.1-javadoc.jar.asc to /Users/don/Code/个人/auto-table/target/central-staging/org/dromara/autotable/auto-table-strategy-pgsql/2.6.1/auto-table-strategy-pgsql-2.6.1-javadoc.jar.asc
[INFO] Pre Bundling - deleted /Users/don/Code/个人/auto-table/target/central-staging/org/dromara/autotable/auto-table-strategy-pgsql/maven-metadata-central-staging.xml
[INFO] Generate checksums for dir: org/dromara/autotable/auto-table-strategy-pgsql/2.6.1
[INFO] 
[INFO] ---------< org.dromara.autotable:auto-table-strategy-kingbase >---------
[INFO] Building auto-table-strategy-kingbase 2.6.1                       [9/18]
[INFO]   from auto-table-strategy/auto-table-strategy-kingbase/pom.xml
[INFO] --------------------------------[ jar ]---------------------------------
[WARNING] Parameter 'annotationProcessorPaths' is unknown for plugin 'maven-javadoc-plugin:3.6.3:jar (attach-javadocs)'
[INFO] 
[INFO] --- clean:3.2.0:clean (default-clean) @ auto-table-strategy-kingbase ---
[INFO] Deleting /Users/don/Code/个人/auto-table/auto-table-strategy/auto-table-strategy-kingbase/target
[INFO] 
[INFO] --- resources:3.3.1:resources (default-resources) @ auto-table-strategy-kingbase ---
[INFO] Copying 2 resources from src/main/resources to target/classes
[INFO] 
[INFO] --- compiler:3.12.1:compile (default-compile) @ auto-table-strategy-kingbase ---
[INFO] Recompiling the module because of changed dependency.
[INFO] Compiling 2 source files with javac [debug parameters target 1.8] to target/classes
[WARNING] 未与 -source 8 一起设置引导类路径
[WARNING] 源值 8 已过时，将在未来发行版中删除
[WARNING] 目标值 8 已过时，将在未来发行版中删除
[WARNING] 要隐藏有关已过时选项的警告, 请使用 -Xlint:-options。
[INFO] 
[INFO] --- resources:3.3.1:testResources (default-testResources) @ auto-table-strategy-kingbase ---
[INFO] skip non existing resourceDirectory /Users/don/Code/个人/auto-table/auto-table-strategy/auto-table-strategy-kingbase/src/test/resources
[INFO] 
[INFO] --- compiler:3.12.1:testCompile (default-testCompile) @ auto-table-strategy-kingbase ---
[INFO] No sources to compile
[INFO] 
[INFO] --- surefire:3.2.5:test (default-test) @ auto-table-strategy-kingbase ---
[INFO] No tests to run.
[INFO] 
[INFO] --- jar:3.4.1:jar (default-jar) @ auto-table-strategy-kingbase ---
[INFO] Building jar: /Users/don/Code/个人/auto-table/auto-table-strategy/auto-table-strategy-kingbase/target/auto-table-strategy-kingbase-2.6.1.jar
[INFO] 
[INFO] --- source:3.3.0:jar-no-fork (attach-sources) @ auto-table-strategy-kingbase ---
[INFO] Building jar: /Users/don/Code/个人/auto-table/auto-table-strategy/auto-table-strategy-kingbase/target/auto-table-strategy-kingbase-2.6.1-sources.jar
[INFO] 
[INFO] --- javadoc:3.6.3:jar (attach-javadocs) @ auto-table-strategy-kingbase ---
[INFO] No previous run data found, generating javadoc.
[INFO] Building jar: /Users/don/Code/个人/auto-table/auto-table-strategy/auto-table-strategy-kingbase/target/auto-table-strategy-kingbase-2.6.1-javadoc.jar
[INFO] 
[INFO] --- install:3.1.2:install (default-install) @ auto-table-strategy-kingbase ---
[INFO] Installing /Users/don/Code/个人/auto-table/auto-table-strategy/auto-table-strategy-kingbase/pom.xml to /Users/don/.m2/repository/org/dromara/autotable/auto-table-strategy-kingbase/2.6.1/auto-table-strategy-kingbase-2.6.1.pom
[INFO] Installing /Users/don/Code/个人/auto-table/auto-table-strategy/auto-table-strategy-kingbase/target/auto-table-strategy-kingbase-2.6.1.jar to /Users/don/.m2/repository/org/dromara/autotable/auto-table-strategy-kingbase/2.6.1/auto-table-strategy-kingbase-2.6.1.jar
[INFO] Installing /Users/don/Code/个人/auto-table/auto-table-strategy/auto-table-strategy-kingbase/target/auto-table-strategy-kingbase-2.6.1-sources.jar to /Users/don/.m2/repository/org/dromara/autotable/auto-table-strategy-kingbase/2.6.1/auto-table-strategy-kingbase-2.6.1-sources.jar
[INFO] Installing /Users/don/Code/个人/auto-table/auto-table-strategy/auto-table-strategy-kingbase/target/auto-table-strategy-kingbase-2.6.1-javadoc.jar to /Users/don/.m2/repository/org/dromara/autotable/auto-table-strategy-kingbase/2.6.1/auto-table-strategy-kingbase-2.6.1-javadoc.jar
[INFO] 
[INFO] --- gpg:3.1.0:sign (sign-artifacts) @ auto-table-strategy-kingbase ---
[INFO] Signing 4 files with default secret key.
gpg: 使用 “A2D053AAEC30ADC5541F052D5E32CD6A3745B002” 作为默认签名用私钥
gpg: 使用 “A2D053AAEC30ADC5541F052D5E32CD6A3745B002” 作为默认签名用私钥
gpg: 使用 “A2D053AAEC30ADC5541F052D5E32CD6A3745B002” 作为默认签名用私钥
gpg: 使用 “A2D053AAEC30ADC5541F052D5E32CD6A3745B002” 作为默认签名用私钥
[INFO] 
[INFO] --- central-publishing:0.11.0:publish (injected-central-publishing) @ auto-table-strategy-kingbase ---
[INFO] Using Central baseUrl: https://central.sonatype.com
[INFO] Using credentials from server id central in settings.xml
[INFO] Staging 7 files
[INFO] Staging /Users/don/Code/个人/auto-table/auto-table-strategy/auto-table-strategy-kingbase/target/auto-table-strategy-kingbase-2.6.1.jar
[INFO] Installing /Users/don/Code/个人/auto-table/auto-table-strategy/auto-table-strategy-kingbase/target/auto-table-strategy-kingbase-2.6.1.jar to /Users/don/Code/个人/auto-table/target/central-staging/org/dromara/autotable/auto-table-strategy-kingbase/2.6.1/auto-table-strategy-kingbase-2.6.1.jar
[INFO] Installing /Users/don/Code/个人/auto-table/auto-table-strategy/auto-table-strategy-kingbase/pom.xml to /Users/don/Code/个人/auto-table/target/central-staging/org/dromara/autotable/auto-table-strategy-kingbase/2.6.1/auto-table-strategy-kingbase-2.6.1.pom
[INFO] Staging /Users/don/Code/个人/auto-table/auto-table-strategy/auto-table-strategy-kingbase/target/auto-table-strategy-kingbase-2.6.1-sources.jar
[INFO] Installing /Users/don/Code/个人/auto-table/auto-table-strategy/auto-table-strategy-kingbase/target/auto-table-strategy-kingbase-2.6.1-sources.jar to /Users/don/Code/个人/auto-table/target/central-staging/org/dromara/autotable/auto-table-strategy-kingbase/2.6.1/auto-table-strategy-kingbase-2.6.1-sources.jar
[INFO] Staging /Users/don/Code/个人/auto-table/auto-table-strategy/auto-table-strategy-kingbase/target/auto-table-strategy-kingbase-2.6.1-javadoc.jar
[INFO] Installing /Users/don/Code/个人/auto-table/auto-table-strategy/auto-table-strategy-kingbase/target/auto-table-strategy-kingbase-2.6.1-javadoc.jar to /Users/don/Code/个人/auto-table/target/central-staging/org/dromara/autotable/auto-table-strategy-kingbase/2.6.1/auto-table-strategy-kingbase-2.6.1-javadoc.jar
[INFO] Staging /Users/don/Code/个人/auto-table/auto-table-strategy/auto-table-strategy-kingbase/target/auto-table-strategy-kingbase-2.6.1.jar.asc
[INFO] Installing /Users/don/Code/个人/auto-table/auto-table-strategy/auto-table-strategy-kingbase/target/auto-table-strategy-kingbase-2.6.1.jar.asc to /Users/don/Code/个人/auto-table/target/central-staging/org/dromara/autotable/auto-table-strategy-kingbase/2.6.1/auto-table-strategy-kingbase-2.6.1.jar.asc
[INFO] Staging /Users/don/Code/个人/auto-table/auto-table-strategy/auto-table-strategy-kingbase/target/auto-table-strategy-kingbase-2.6.1.pom.asc
[INFO] Installing /Users/don/Code/个人/auto-table/auto-table-strategy/auto-table-strategy-kingbase/target/auto-table-strategy-kingbase-2.6.1.pom.asc to /Users/don/Code/个人/auto-table/target/central-staging/org/dromara/autotable/auto-table-strategy-kingbase/2.6.1/auto-table-strategy-kingbase-2.6.1.pom.asc
[INFO] Staging /Users/don/Code/个人/auto-table/auto-table-strategy/auto-table-strategy-kingbase/target/auto-table-strategy-kingbase-2.6.1-sources.jar.asc
[INFO] Installing /Users/don/Code/个人/auto-table/auto-table-strategy/auto-table-strategy-kingbase/target/auto-table-strategy-kingbase-2.6.1-sources.jar.asc to /Users/don/Code/个人/auto-table/target/central-staging/org/dromara/autotable/auto-table-strategy-kingbase/2.6.1/auto-table-strategy-kingbase-2.6.1-sources.jar.asc
[INFO] Staging /Users/don/Code/个人/auto-table/auto-table-strategy/auto-table-strategy-kingbase/target/auto-table-strategy-kingbase-2.6.1-javadoc.jar.asc
[INFO] Installing /Users/don/Code/个人/auto-table/auto-table-strategy/auto-table-strategy-kingbase/target/auto-table-strategy-kingbase-2.6.1-javadoc.jar.asc to /Users/don/Code/个人/auto-table/target/central-staging/org/dromara/autotable/auto-table-strategy-kingbase/2.6.1/auto-table-strategy-kingbase-2.6.1-javadoc.jar.asc
[INFO] Pre Bundling - deleted /Users/don/Code/个人/auto-table/target/central-staging/org/dromara/autotable/auto-table-strategy-kingbase/maven-metadata-central-staging.xml
[INFO] Generate checksums for dir: org/dromara/autotable/auto-table-strategy-kingbase/2.6.1
[INFO] 
[INFO] ----------< org.dromara.autotable:auto-table-strategy-mysql >-----------
[INFO] Building auto-table-strategy-mysql 2.6.1                         [10/18]
[INFO]   from auto-table-strategy/auto-table-strategy-mysql/pom.xml
[INFO] --------------------------------[ jar ]---------------------------------
[WARNING] Parameter 'annotationProcessorPaths' is unknown for plugin 'maven-javadoc-plugin:3.6.3:jar (attach-javadocs)'
[INFO] 
[INFO] --- clean:3.2.0:clean (default-clean) @ auto-table-strategy-mysql ---
[INFO] Deleting /Users/don/Code/个人/auto-table/auto-table-strategy/auto-table-strategy-mysql/target
[INFO] 
[INFO] --- resources:3.3.1:resources (default-resources) @ auto-table-strategy-mysql ---
[INFO] Copying 2 resources from src/main/resources to target/classes
[INFO] 
[INFO] --- compiler:3.12.1:compile (default-compile) @ auto-table-strategy-mysql ---
[INFO] Recompiling the module because of changed dependency.
[INFO] Compiling 21 source files with javac [debug parameters target 1.8] to target/classes
[WARNING] 未与 -source 8 一起设置引导类路径
[WARNING] 源值 8 已过时，将在未来发行版中删除
[WARNING] 目标值 8 已过时，将在未来发行版中删除
[WARNING] 要隐藏有关已过时选项的警告, 请使用 -Xlint:-options。
[INFO] 
[INFO] --- resources:3.3.1:testResources (default-testResources) @ auto-table-strategy-mysql ---
[INFO] skip non existing resourceDirectory /Users/don/Code/个人/auto-table/auto-table-strategy/auto-table-strategy-mysql/src/test/resources
[INFO] 
[INFO] --- compiler:3.12.1:testCompile (default-testCompile) @ auto-table-strategy-mysql ---
[INFO] Recompiling the module because of changed dependency.
[INFO] Compiling 1 source file with javac [debug parameters target 1.8] to target/test-classes
[WARNING] 未与 -source 8 一起设置引导类路径
[WARNING] 源值 8 已过时，将在未来发行版中删除
[WARNING] 目标值 8 已过时，将在未来发行版中删除
[WARNING] 要隐藏有关已过时选项的警告, 请使用 -Xlint:-options。
[INFO] 
[INFO] --- surefire:3.2.5:test (default-test) @ auto-table-strategy-mysql ---
[INFO] Using auto detected provider org.apache.maven.surefire.junitplatform.JUnitPlatformProvider
[INFO] 
[INFO] -------------------------------------------------------
[INFO]  T E S T S
[INFO] -------------------------------------------------------
[INFO] Running org.dromara.autotable.strategy.mysql.MysqlModifyTableSqlBuilderTest
SLF4J: Failed to load class "org.slf4j.impl.StaticLoggerBinder".
SLF4J: Defaulting to no-operation (NOP) logger implementation
SLF4J: See http://www.slf4j.org/codes.html#StaticLoggerBinder for further details.
[INFO] Tests run: 1, Failures: 0, Errors: 0, Skipped: 0, Time elapsed: 0.133 s -- in org.dromara.autotable.strategy.mysql.MysqlModifyTableSqlBuilderTest
[INFO] 
[INFO] Results:
[INFO] 
[INFO] Tests run: 1, Failures: 0, Errors: 0, Skipped: 0
[INFO] 
[INFO] 
[INFO] --- jar:3.4.1:jar (default-jar) @ auto-table-strategy-mysql ---
[INFO] Building jar: /Users/don/Code/个人/auto-table/auto-table-strategy/auto-table-strategy-mysql/target/auto-table-strategy-mysql-2.6.1.jar
[INFO] 
[INFO] --- source:3.3.0:jar-no-fork (attach-sources) @ auto-table-strategy-mysql ---
[INFO] Building jar: /Users/don/Code/个人/auto-table/auto-table-strategy/auto-table-strategy-mysql/target/auto-table-strategy-mysql-2.6.1-sources.jar
[INFO] 
[INFO] --- javadoc:3.6.3:jar (attach-javadocs) @ auto-table-strategy-mysql ---
[ERROR] Error fetching link: /Users/don/Code/个人/auto-table/auto-table-core/target/apidocs. Ignored it.
[INFO] No previous run data found, generating javadoc.
[INFO] Building jar: /Users/don/Code/个人/auto-table/auto-table-strategy/auto-table-strategy-mysql/target/auto-table-strategy-mysql-2.6.1-javadoc.jar
[INFO] 
[INFO] --- install:3.1.2:install (default-install) @ auto-table-strategy-mysql ---
[INFO] Installing /Users/don/Code/个人/auto-table/auto-table-strategy/auto-table-strategy-mysql/pom.xml to /Users/don/.m2/repository/org/dromara/autotable/auto-table-strategy-mysql/2.6.1/auto-table-strategy-mysql-2.6.1.pom
[INFO] Installing /Users/don/Code/个人/auto-table/auto-table-strategy/auto-table-strategy-mysql/target/auto-table-strategy-mysql-2.6.1.jar to /Users/don/.m2/repository/org/dromara/autotable/auto-table-strategy-mysql/2.6.1/auto-table-strategy-mysql-2.6.1.jar
[INFO] Installing /Users/don/Code/个人/auto-table/auto-table-strategy/auto-table-strategy-mysql/target/auto-table-strategy-mysql-2.6.1-sources.jar to /Users/don/.m2/repository/org/dromara/autotable/auto-table-strategy-mysql/2.6.1/auto-table-strategy-mysql-2.6.1-sources.jar
[INFO] Installing /Users/don/Code/个人/auto-table/auto-table-strategy/auto-table-strategy-mysql/target/auto-table-strategy-mysql-2.6.1-javadoc.jar to /Users/don/.m2/repository/org/dromara/autotable/auto-table-strategy-mysql/2.6.1/auto-table-strategy-mysql-2.6.1-javadoc.jar
[INFO] 
[INFO] --- gpg:3.1.0:sign (sign-artifacts) @ auto-table-strategy-mysql ---
[INFO] Signing 4 files with default secret key.
gpg: 使用 “A2D053AAEC30ADC5541F052D5E32CD6A3745B002” 作为默认签名用私钥
gpg: 使用 “A2D053AAEC30ADC5541F052D5E32CD6A3745B002” 作为默认签名用私钥
gpg: 使用 “A2D053AAEC30ADC5541F052D5E32CD6A3745B002” 作为默认签名用私钥
gpg: 使用 “A2D053AAEC30ADC5541F052D5E32CD6A3745B002” 作为默认签名用私钥
[INFO] 
[INFO] --- central-publishing:0.11.0:publish (injected-central-publishing) @ auto-table-strategy-mysql ---
[INFO] Using Central baseUrl: https://central.sonatype.com
[INFO] Using credentials from server id central in settings.xml
[INFO] Staging 7 files
[INFO] Staging /Users/don/Code/个人/auto-table/auto-table-strategy/auto-table-strategy-mysql/target/auto-table-strategy-mysql-2.6.1.jar
[INFO] Installing /Users/don/Code/个人/auto-table/auto-table-strategy/auto-table-strategy-mysql/target/auto-table-strategy-mysql-2.6.1.jar to /Users/don/Code/个人/auto-table/target/central-staging/org/dromara/autotable/auto-table-strategy-mysql/2.6.1/auto-table-strategy-mysql-2.6.1.jar
[INFO] Installing /Users/don/Code/个人/auto-table/auto-table-strategy/auto-table-strategy-mysql/pom.xml to /Users/don/Code/个人/auto-table/target/central-staging/org/dromara/autotable/auto-table-strategy-mysql/2.6.1/auto-table-strategy-mysql-2.6.1.pom
[INFO] Staging /Users/don/Code/个人/auto-table/auto-table-strategy/auto-table-strategy-mysql/target/auto-table-strategy-mysql-2.6.1-sources.jar
[INFO] Installing /Users/don/Code/个人/auto-table/auto-table-strategy/auto-table-strategy-mysql/target/auto-table-strategy-mysql-2.6.1-sources.jar to /Users/don/Code/个人/auto-table/target/central-staging/org/dromara/autotable/auto-table-strategy-mysql/2.6.1/auto-table-strategy-mysql-2.6.1-sources.jar
[INFO] Staging /Users/don/Code/个人/auto-table/auto-table-strategy/auto-table-strategy-mysql/target/auto-table-strategy-mysql-2.6.1-javadoc.jar
[INFO] Installing /Users/don/Code/个人/auto-table/auto-table-strategy/auto-table-strategy-mysql/target/auto-table-strategy-mysql-2.6.1-javadoc.jar to /Users/don/Code/个人/auto-table/target/central-staging/org/dromara/autotable/auto-table-strategy-mysql/2.6.1/auto-table-strategy-mysql-2.6.1-javadoc.jar
[INFO] Staging /Users/don/Code/个人/auto-table/auto-table-strategy/auto-table-strategy-mysql/target/auto-table-strategy-mysql-2.6.1.jar.asc
[INFO] Installing /Users/don/Code/个人/auto-table/auto-table-strategy/auto-table-strategy-mysql/target/auto-table-strategy-mysql-2.6.1.jar.asc to /Users/don/Code/个人/auto-table/target/central-staging/org/dromara/autotable/auto-table-strategy-mysql/2.6.1/auto-table-strategy-mysql-2.6.1.jar.asc
[INFO] Staging /Users/don/Code/个人/auto-table/auto-table-strategy/auto-table-strategy-mysql/target/auto-table-strategy-mysql-2.6.1.pom.asc
[INFO] Installing /Users/don/Code/个人/auto-table/auto-table-strategy/auto-table-strategy-mysql/target/auto-table-strategy-mysql-2.6.1.pom.asc to /Users/don/Code/个人/auto-table/target/central-staging/org/dromara/autotable/auto-table-strategy-mysql/2.6.1/auto-table-strategy-mysql-2.6.1.pom.asc
[INFO] Staging /Users/don/Code/个人/auto-table/auto-table-strategy/auto-table-strategy-mysql/target/auto-table-strategy-mysql-2.6.1-sources.jar.asc
[INFO] Installing /Users/don/Code/个人/auto-table/auto-table-strategy/auto-table-strategy-mysql/target/auto-table-strategy-mysql-2.6.1-sources.jar.asc to /Users/don/Code/个人/auto-table/target/central-staging/org/dromara/autotable/auto-table-strategy-mysql/2.6.1/auto-table-strategy-mysql-2.6.1-sources.jar.asc
[INFO] Staging /Users/don/Code/个人/auto-table/auto-table-strategy/auto-table-strategy-mysql/target/auto-table-strategy-mysql-2.6.1-javadoc.jar.asc
[INFO] Installing /Users/don/Code/个人/auto-table/auto-table-strategy/auto-table-strategy-mysql/target/auto-table-strategy-mysql-2.6.1-javadoc.jar.asc to /Users/don/Code/个人/auto-table/target/central-staging/org/dromara/autotable/auto-table-strategy-mysql/2.6.1/auto-table-strategy-mysql-2.6.1-javadoc.jar.asc
[INFO] Pre Bundling - deleted /Users/don/Code/个人/auto-table/target/central-staging/org/dromara/autotable/auto-table-strategy-mysql/maven-metadata-central-staging.xml
[INFO] Generate checksums for dir: org/dromara/autotable/auto-table-strategy-mysql/2.6.1
[INFO] 
[INFO] ----------< org.dromara.autotable:auto-table-strategy-oracle >----------
[INFO] Building auto-table-strategy-oracle 2.6.1                        [11/18]
[INFO]   from auto-table-strategy/auto-table-strategy-oracle/pom.xml
[INFO] --------------------------------[ jar ]---------------------------------
[WARNING] Parameter 'annotationProcessorPaths' is unknown for plugin 'maven-javadoc-plugin:3.6.3:jar (attach-javadocs)'
[INFO] 
[INFO] --- clean:3.2.0:clean (default-clean) @ auto-table-strategy-oracle ---
[INFO] Deleting /Users/don/Code/个人/auto-table/auto-table-strategy/auto-table-strategy-oracle/target
[INFO] 
[INFO] --- resources:3.3.1:resources (default-resources) @ auto-table-strategy-oracle ---
[INFO] Copying 2 resources from src/main/resources to target/classes
[INFO] 
[INFO] --- compiler:3.12.1:compile (default-compile) @ auto-table-strategy-oracle ---
[INFO] Recompiling the module because of changed dependency.
[INFO] Compiling 9 source files with javac [debug parameters target 1.8] to target/classes
[WARNING] 未与 -source 8 一起设置引导类路径
[WARNING] 源值 8 已过时，将在未来发行版中删除
[WARNING] 目标值 8 已过时，将在未来发行版中删除
[WARNING] 要隐藏有关已过时选项的警告, 请使用 -Xlint:-options。
[INFO] 
[INFO] --- resources:3.3.1:testResources (default-testResources) @ auto-table-strategy-oracle ---
[INFO] skip non existing resourceDirectory /Users/don/Code/个人/auto-table/auto-table-strategy/auto-table-strategy-oracle/src/test/resources
[INFO] 
[INFO] --- compiler:3.12.1:testCompile (default-testCompile) @ auto-table-strategy-oracle ---
[INFO] No sources to compile
[INFO] 
[INFO] --- surefire:3.2.5:test (default-test) @ auto-table-strategy-oracle ---
[INFO] No tests to run.
[INFO] 
[INFO] --- jar:3.4.1:jar (default-jar) @ auto-table-strategy-oracle ---
[INFO] Building jar: /Users/don/Code/个人/auto-table/auto-table-strategy/auto-table-strategy-oracle/target/auto-table-strategy-oracle-2.6.1.jar
[INFO] 
[INFO] --- source:3.3.0:jar-no-fork (attach-sources) @ auto-table-strategy-oracle ---
[INFO] Building jar: /Users/don/Code/个人/auto-table/auto-table-strategy/auto-table-strategy-oracle/target/auto-table-strategy-oracle-2.6.1-sources.jar
[INFO] 
[INFO] --- javadoc:3.6.3:jar (attach-javadocs) @ auto-table-strategy-oracle ---
[ERROR] Error fetching link: /Users/don/Code/个人/auto-table/auto-table-core/target/apidocs. Ignored it.
[INFO] No previous run data found, generating javadoc.
[INFO] Building jar: /Users/don/Code/个人/auto-table/auto-table-strategy/auto-table-strategy-oracle/target/auto-table-strategy-oracle-2.6.1-javadoc.jar
[INFO] 
[INFO] --- install:3.1.2:install (default-install) @ auto-table-strategy-oracle ---
[INFO] Installing /Users/don/Code/个人/auto-table/auto-table-strategy/auto-table-strategy-oracle/pom.xml to /Users/don/.m2/repository/org/dromara/autotable/auto-table-strategy-oracle/2.6.1/auto-table-strategy-oracle-2.6.1.pom
[INFO] Installing /Users/don/Code/个人/auto-table/auto-table-strategy/auto-table-strategy-oracle/target/auto-table-strategy-oracle-2.6.1.jar to /Users/don/.m2/repository/org/dromara/autotable/auto-table-strategy-oracle/2.6.1/auto-table-strategy-oracle-2.6.1.jar
[INFO] Installing /Users/don/Code/个人/auto-table/auto-table-strategy/auto-table-strategy-oracle/target/auto-table-strategy-oracle-2.6.1-sources.jar to /Users/don/.m2/repository/org/dromara/autotable/auto-table-strategy-oracle/2.6.1/auto-table-strategy-oracle-2.6.1-sources.jar
[INFO] Installing /Users/don/Code/个人/auto-table/auto-table-strategy/auto-table-strategy-oracle/target/auto-table-strategy-oracle-2.6.1-javadoc.jar to /Users/don/.m2/repository/org/dromara/autotable/auto-table-strategy-oracle/2.6.1/auto-table-strategy-oracle-2.6.1-javadoc.jar
[INFO] 
[INFO] --- gpg:3.1.0:sign (sign-artifacts) @ auto-table-strategy-oracle ---
[INFO] Signing 4 files with default secret key.
gpg: 使用 “A2D053AAEC30ADC5541F052D5E32CD6A3745B002” 作为默认签名用私钥
gpg: 使用 “A2D053AAEC30ADC5541F052D5E32CD6A3745B002” 作为默认签名用私钥
gpg: 使用 “A2D053AAEC30ADC5541F052D5E32CD6A3745B002” 作为默认签名用私钥
gpg: 使用 “A2D053AAEC30ADC5541F052D5E32CD6A3745B002” 作为默认签名用私钥
[INFO] 
[INFO] --- central-publishing:0.11.0:publish (injected-central-publishing) @ auto-table-strategy-oracle ---
[INFO] Using Central baseUrl: https://central.sonatype.com
[INFO] Using credentials from server id central in settings.xml
[INFO] Staging 7 files
[INFO] Staging /Users/don/Code/个人/auto-table/auto-table-strategy/auto-table-strategy-oracle/target/auto-table-strategy-oracle-2.6.1.jar
[INFO] Installing /Users/don/Code/个人/auto-table/auto-table-strategy/auto-table-strategy-oracle/target/auto-table-strategy-oracle-2.6.1.jar to /Users/don/Code/个人/auto-table/target/central-staging/org/dromara/autotable/auto-table-strategy-oracle/2.6.1/auto-table-strategy-oracle-2.6.1.jar
[INFO] Installing /Users/don/Code/个人/auto-table/auto-table-strategy/auto-table-strategy-oracle/pom.xml to /Users/don/Code/个人/auto-table/target/central-staging/org/dromara/autotable/auto-table-strategy-oracle/2.6.1/auto-table-strategy-oracle-2.6.1.pom
[INFO] Staging /Users/don/Code/个人/auto-table/auto-table-strategy/auto-table-strategy-oracle/target/auto-table-strategy-oracle-2.6.1-sources.jar
[INFO] Installing /Users/don/Code/个人/auto-table/auto-table-strategy/auto-table-strategy-oracle/target/auto-table-strategy-oracle-2.6.1-sources.jar to /Users/don/Code/个人/auto-table/target/central-staging/org/dromara/autotable/auto-table-strategy-oracle/2.6.1/auto-table-strategy-oracle-2.6.1-sources.jar
[INFO] Staging /Users/don/Code/个人/auto-table/auto-table-strategy/auto-table-strategy-oracle/target/auto-table-strategy-oracle-2.6.1-javadoc.jar
[INFO] Installing /Users/don/Code/个人/auto-table/auto-table-strategy/auto-table-strategy-oracle/target/auto-table-strategy-oracle-2.6.1-javadoc.jar to /Users/don/Code/个人/auto-table/target/central-staging/org/dromara/autotable/auto-table-strategy-oracle/2.6.1/auto-table-strategy-oracle-2.6.1-javadoc.jar
[INFO] Staging /Users/don/Code/个人/auto-table/auto-table-strategy/auto-table-strategy-oracle/target/auto-table-strategy-oracle-2.6.1.jar.asc
[INFO] Installing /Users/don/Code/个人/auto-table/auto-table-strategy/auto-table-strategy-oracle/target/auto-table-strategy-oracle-2.6.1.jar.asc to /Users/don/Code/个人/auto-table/target/central-staging/org/dromara/autotable/auto-table-strategy-oracle/2.6.1/auto-table-strategy-oracle-2.6.1.jar.asc
[INFO] Staging /Users/don/Code/个人/auto-table/auto-table-strategy/auto-table-strategy-oracle/target/auto-table-strategy-oracle-2.6.1.pom.asc
[INFO] Installing /Users/don/Code/个人/auto-table/auto-table-strategy/auto-table-strategy-oracle/target/auto-table-strategy-oracle-2.6.1.pom.asc to /Users/don/Code/个人/auto-table/target/central-staging/org/dromara/autotable/auto-table-strategy-oracle/2.6.1/auto-table-strategy-oracle-2.6.1.pom.asc
[INFO] Staging /Users/don/Code/个人/auto-table/auto-table-strategy/auto-table-strategy-oracle/target/auto-table-strategy-oracle-2.6.1-sources.jar.asc
[INFO] Installing /Users/don/Code/个人/auto-table/auto-table-strategy/auto-table-strategy-oracle/target/auto-table-strategy-oracle-2.6.1-sources.jar.asc to /Users/don/Code/个人/auto-table/target/central-staging/org/dromara/autotable/auto-table-strategy-oracle/2.6.1/auto-table-strategy-oracle-2.6.1-sources.jar.asc
[INFO] Staging /Users/don/Code/个人/auto-table/auto-table-strategy/auto-table-strategy-oracle/target/auto-table-strategy-oracle-2.6.1-javadoc.jar.asc
[INFO] Installing /Users/don/Code/个人/auto-table/auto-table-strategy/auto-table-strategy-oracle/target/auto-table-strategy-oracle-2.6.1-javadoc.jar.asc to /Users/don/Code/个人/auto-table/target/central-staging/org/dromara/autotable/auto-table-strategy-oracle/2.6.1/auto-table-strategy-oracle-2.6.1-javadoc.jar.asc
[INFO] Pre Bundling - deleted /Users/don/Code/个人/auto-table/target/central-staging/org/dromara/autotable/auto-table-strategy-oracle/maven-metadata-central-staging.xml
[INFO] Generate checksums for dir: org/dromara/autotable/auto-table-strategy-oracle/2.6.1
[INFO] 
[INFO] --------< org.dromara.autotable:auto-table-strategy-sqlserver >---------
[INFO] Building auto-table-strategy-sqlserver 2.6.1                     [12/18]
[INFO]   from auto-table-strategy/auto-table-strategy-sqlserver/pom.xml
[INFO] --------------------------------[ jar ]---------------------------------
[WARNING] Parameter 'annotationProcessorPaths' is unknown for plugin 'maven-javadoc-plugin:3.6.3:jar (attach-javadocs)'
[INFO] 
[INFO] --- clean:3.2.0:clean (default-clean) @ auto-table-strategy-sqlserver ---
[INFO] Deleting /Users/don/Code/个人/auto-table/auto-table-strategy/auto-table-strategy-sqlserver/target
[INFO] 
[INFO] --- resources:3.3.1:resources (default-resources) @ auto-table-strategy-sqlserver ---
[INFO] Copying 2 resources from src/main/resources to target/classes
[INFO] 
[INFO] --- compiler:3.12.1:compile (default-compile) @ auto-table-strategy-sqlserver ---
[INFO] Recompiling the module because of changed dependency.
[INFO] Compiling 15 source files with javac [debug parameters target 1.8] to target/classes
[WARNING] 未与 -source 8 一起设置引导类路径
[WARNING] 源值 8 已过时，将在未来发行版中删除
[WARNING] 目标值 8 已过时，将在未来发行版中删除
[WARNING] 要隐藏有关已过时选项的警告, 请使用 -Xlint:-options。
[INFO] 
[INFO] --- resources:3.3.1:testResources (default-testResources) @ auto-table-strategy-sqlserver ---
[INFO] skip non existing resourceDirectory /Users/don/Code/个人/auto-table/auto-table-strategy/auto-table-strategy-sqlserver/src/test/resources
[INFO] 
[INFO] --- compiler:3.12.1:testCompile (default-testCompile) @ auto-table-strategy-sqlserver ---
[INFO] Recompiling the module because of changed dependency.
[INFO] Compiling 8 source files with javac [debug parameters target 1.8] to target/test-classes
[WARNING] 未与 -source 8 一起设置引导类路径
[WARNING] 源值 8 已过时，将在未来发行版中删除
[WARNING] 目标值 8 已过时，将在未来发行版中删除
[WARNING] 要隐藏有关已过时选项的警告, 请使用 -Xlint:-options。
[INFO] 
[INFO] --- surefire:3.2.5:test (default-test) @ auto-table-strategy-sqlserver ---
[INFO] Using auto detected provider org.apache.maven.surefire.junitplatform.JUnitPlatformProvider
[INFO] 
[INFO] -------------------------------------------------------
[INFO]  T E S T S
[INFO] -------------------------------------------------------
[INFO] Running org.dromara.autotable.strategy.sqlserver.SqlServerModifyTableSqlBuilderTest
SLF4J: Failed to load class "org.slf4j.impl.StaticLoggerBinder".
SLF4J: Defaulting to no-operation (NOP) logger implementation
SLF4J: See http://www.slf4j.org/codes.html#StaticLoggerBinder for further details.
[INFO] Tests run: 21, Failures: 0, Errors: 0, Skipped: 0, Time elapsed: 0.359 s -- in org.dromara.autotable.strategy.sqlserver.SqlServerModifyTableSqlBuilderTest
[INFO] Running org.dromara.autotable.strategy.sqlserver.SqlServerCompareTableInfoTest
[INFO] Tests run: 11, Failures: 0, Errors: 0, Skipped: 0, Time elapsed: 0.009 s -- in org.dromara.autotable.strategy.sqlserver.SqlServerCompareTableInfoTest
[INFO] Running org.dromara.autotable.strategy.sqlserver.SqlServerDbColumnDataTypeFormatTest
[INFO] Tests run: 9, Failures: 0, Errors: 0, Skipped: 0, Time elapsed: 0.020 s -- in org.dromara.autotable.strategy.sqlserver.SqlServerDbColumnDataTypeFormatTest
[INFO] Running org.dromara.autotable.strategy.sqlserver.SqlServerDatabaseBuilderTest
[INFO] Tests run: 14, Failures: 0, Errors: 0, Skipped: 0, Time elapsed: 0.063 s -- in org.dromara.autotable.strategy.sqlserver.SqlServerDatabaseBuilderTest
[INFO] Running org.dromara.autotable.strategy.sqlserver.SqlServerStrategyUnitTest
[INFO] Tests run: 19, Failures: 0, Errors: 0, Skipped: 0, Time elapsed: 0.023 s -- in org.dromara.autotable.strategy.sqlserver.SqlServerStrategyUnitTest
[INFO] Running org.dromara.autotable.strategy.sqlserver.SqlServerCreateTableSqlBuilderTest
[INFO] Tests run: 7, Failures: 0, Errors: 0, Skipped: 0, Time elapsed: 0.103 s -- in org.dromara.autotable.strategy.sqlserver.SqlServerCreateTableSqlBuilderTest
[INFO] Running org.dromara.autotable.strategy.sqlserver.builder.SqlServerColumnMetadataBuilderTest
[INFO] Tests run: 8, Failures: 0, Errors: 0, Skipped: 0, Time elapsed: 0.010 s -- in org.dromara.autotable.strategy.sqlserver.builder.SqlServerColumnMetadataBuilderTest
[INFO] Running org.dromara.autotable.strategy.sqlserver.SqlServerIntegrationTest
[WARNING] Tests run: 6, Failures: 0, Errors: 0, Skipped: 6, Time elapsed: 0.001 s -- in org.dromara.autotable.strategy.sqlserver.SqlServerIntegrationTest
[INFO] 
[INFO] Results:
[INFO] 
[WARNING] Tests run: 95, Failures: 0, Errors: 0, Skipped: 6
[INFO] 
[INFO] 
[INFO] --- jar:3.4.1:jar (default-jar) @ auto-table-strategy-sqlserver ---
[INFO] Building jar: /Users/don/Code/个人/auto-table/auto-table-strategy/auto-table-strategy-sqlserver/target/auto-table-strategy-sqlserver-2.6.1.jar
[INFO] 
[INFO] --- source:3.3.0:jar-no-fork (attach-sources) @ auto-table-strategy-sqlserver ---
[INFO] Building jar: /Users/don/Code/个人/auto-table/auto-table-strategy/auto-table-strategy-sqlserver/target/auto-table-strategy-sqlserver-2.6.1-sources.jar
[INFO] 
[INFO] --- javadoc:3.6.3:jar (attach-javadocs) @ auto-table-strategy-sqlserver ---
[ERROR] Error fetching link: /Users/don/Code/个人/auto-table/auto-table-core/target/apidocs. Ignored it.
[INFO] No previous run data found, generating javadoc.
[INFO] Building jar: /Users/don/Code/个人/auto-table/auto-table-strategy/auto-table-strategy-sqlserver/target/auto-table-strategy-sqlserver-2.6.1-javadoc.jar
[INFO] 
[INFO] --- install:3.1.2:install (default-install) @ auto-table-strategy-sqlserver ---
[INFO] Installing /Users/don/Code/个人/auto-table/auto-table-strategy/auto-table-strategy-sqlserver/pom.xml to /Users/don/.m2/repository/org/dromara/autotable/auto-table-strategy-sqlserver/2.6.1/auto-table-strategy-sqlserver-2.6.1.pom
[INFO] Installing /Users/don/Code/个人/auto-table/auto-table-strategy/auto-table-strategy-sqlserver/target/auto-table-strategy-sqlserver-2.6.1.jar to /Users/don/.m2/repository/org/dromara/autotable/auto-table-strategy-sqlserver/2.6.1/auto-table-strategy-sqlserver-2.6.1.jar
[INFO] Installing /Users/don/Code/个人/auto-table/auto-table-strategy/auto-table-strategy-sqlserver/target/auto-table-strategy-sqlserver-2.6.1-sources.jar to /Users/don/.m2/repository/org/dromara/autotable/auto-table-strategy-sqlserver/2.6.1/auto-table-strategy-sqlserver-2.6.1-sources.jar
[INFO] Installing /Users/don/Code/个人/auto-table/auto-table-strategy/auto-table-strategy-sqlserver/target/auto-table-strategy-sqlserver-2.6.1-javadoc.jar to /Users/don/.m2/repository/org/dromara/autotable/auto-table-strategy-sqlserver/2.6.1/auto-table-strategy-sqlserver-2.6.1-javadoc.jar
[INFO] 
[INFO] --- gpg:3.1.0:sign (sign-artifacts) @ auto-table-strategy-sqlserver ---
[INFO] Signing 4 files with default secret key.
gpg: 使用 “A2D053AAEC30ADC5541F052D5E32CD6A3745B002” 作为默认签名用私钥
gpg: 使用 “A2D053AAEC30ADC5541F052D5E32CD6A3745B002” 作为默认签名用私钥
gpg: 使用 “A2D053AAEC30ADC5541F052D5E32CD6A3745B002” 作为默认签名用私钥
gpg: 使用 “A2D053AAEC30ADC5541F052D5E32CD6A3745B002” 作为默认签名用私钥
[INFO] 
[INFO] --- central-publishing:0.11.0:publish (injected-central-publishing) @ auto-table-strategy-sqlserver ---
[INFO] Using Central baseUrl: https://central.sonatype.com
[INFO] Using credentials from server id central in settings.xml
[INFO] Staging 7 files
[INFO] Staging /Users/don/Code/个人/auto-table/auto-table-strategy/auto-table-strategy-sqlserver/target/auto-table-strategy-sqlserver-2.6.1.jar
[INFO] Installing /Users/don/Code/个人/auto-table/auto-table-strategy/auto-table-strategy-sqlserver/target/auto-table-strategy-sqlserver-2.6.1.jar to /Users/don/Code/个人/auto-table/target/central-staging/org/dromara/autotable/auto-table-strategy-sqlserver/2.6.1/auto-table-strategy-sqlserver-2.6.1.jar
[INFO] Installing /Users/don/Code/个人/auto-table/auto-table-strategy/auto-table-strategy-sqlserver/pom.xml to /Users/don/Code/个人/auto-table/target/central-staging/org/dromara/autotable/auto-table-strategy-sqlserver/2.6.1/auto-table-strategy-sqlserver-2.6.1.pom
[INFO] Staging /Users/don/Code/个人/auto-table/auto-table-strategy/auto-table-strategy-sqlserver/target/auto-table-strategy-sqlserver-2.6.1-sources.jar
[INFO] Installing /Users/don/Code/个人/auto-table/auto-table-strategy/auto-table-strategy-sqlserver/target/auto-table-strategy-sqlserver-2.6.1-sources.jar to /Users/don/Code/个人/auto-table/target/central-staging/org/dromara/autotable/auto-table-strategy-sqlserver/2.6.1/auto-table-strategy-sqlserver-2.6.1-sources.jar
[INFO] Staging /Users/don/Code/个人/auto-table/auto-table-strategy/auto-table-strategy-sqlserver/target/auto-table-strategy-sqlserver-2.6.1-javadoc.jar
[INFO] Installing /Users/don/Code/个人/auto-table/auto-table-strategy/auto-table-strategy-sqlserver/target/auto-table-strategy-sqlserver-2.6.1-javadoc.jar to /Users/don/Code/个人/auto-table/target/central-staging/org/dromara/autotable/auto-table-strategy-sqlserver/2.6.1/auto-table-strategy-sqlserver-2.6.1-javadoc.jar
[INFO] Staging /Users/don/Code/个人/auto-table/auto-table-strategy/auto-table-strategy-sqlserver/target/auto-table-strategy-sqlserver-2.6.1.jar.asc
[INFO] Installing /Users/don/Code/个人/auto-table/auto-table-strategy/auto-table-strategy-sqlserver/target/auto-table-strategy-sqlserver-2.6.1.jar.asc to /Users/don/Code/个人/auto-table/target/central-staging/org/dromara/autotable/auto-table-strategy-sqlserver/2.6.1/auto-table-strategy-sqlserver-2.6.1.jar.asc
[INFO] Staging /Users/don/Code/个人/auto-table/auto-table-strategy/auto-table-strategy-sqlserver/target/auto-table-strategy-sqlserver-2.6.1.pom.asc
[INFO] Installing /Users/don/Code/个人/auto-table/auto-table-strategy/auto-table-strategy-sqlserver/target/auto-table-strategy-sqlserver-2.6.1.pom.asc to /Users/don/Code/个人/auto-table/target/central-staging/org/dromara/autotable/auto-table-strategy-sqlserver/2.6.1/auto-table-strategy-sqlserver-2.6.1.pom.asc
[INFO] Staging /Users/don/Code/个人/auto-table/auto-table-strategy/auto-table-strategy-sqlserver/target/auto-table-strategy-sqlserver-2.6.1-sources.jar.asc
[INFO] Installing /Users/don/Code/个人/auto-table/auto-table-strategy/auto-table-strategy-sqlserver/target/auto-table-strategy-sqlserver-2.6.1-sources.jar.asc to /Users/don/Code/个人/auto-table/target/central-staging/org/dromara/autotable/auto-table-strategy-sqlserver/2.6.1/auto-table-strategy-sqlserver-2.6.1-sources.jar.asc
[INFO] Staging /Users/don/Code/个人/auto-table/auto-table-strategy/auto-table-strategy-sqlserver/target/auto-table-strategy-sqlserver-2.6.1-javadoc.jar.asc
[INFO] Installing /Users/don/Code/个人/auto-table/auto-table-strategy/auto-table-strategy-sqlserver/target/auto-table-strategy-sqlserver-2.6.1-javadoc.jar.asc to /Users/don/Code/个人/auto-table/target/central-staging/org/dromara/autotable/auto-table-strategy-sqlserver/2.6.1/auto-table-strategy-sqlserver-2.6.1-javadoc.jar.asc
[INFO] Pre Bundling - deleted /Users/don/Code/个人/auto-table/target/central-staging/org/dromara/autotable/auto-table-strategy-sqlserver/maven-metadata-central-staging.xml
[INFO] Generate checksums for dir: org/dromara/autotable/auto-table-strategy-sqlserver/2.6.1
[INFO] 
[INFO] ----------< org.dromara.autotable:auto-table-strategy-sqlite >----------
[INFO] Building auto-table-strategy-sqlite 2.6.1                        [13/18]
[INFO]   from auto-table-strategy/auto-table-strategy-sqlite/pom.xml
[INFO] --------------------------------[ jar ]---------------------------------
[WARNING] Parameter 'annotationProcessorPaths' is unknown for plugin 'maven-javadoc-plugin:3.6.3:jar (attach-javadocs)'
[INFO] 
[INFO] --- clean:3.2.0:clean (default-clean) @ auto-table-strategy-sqlite ---
[INFO] Deleting /Users/don/Code/个人/auto-table/auto-table-strategy/auto-table-strategy-sqlite/target
[INFO] 
[INFO] --- resources:3.3.1:resources (default-resources) @ auto-table-strategy-sqlite ---
[INFO] Copying 1 resource from src/main/resources to target/classes
[INFO] 
[INFO] --- compiler:3.12.1:compile (default-compile) @ auto-table-strategy-sqlite ---
[INFO] Recompiling the module because of changed dependency.
[INFO] Compiling 12 source files with javac [debug parameters target 1.8] to target/classes
[WARNING] 未与 -source 8 一起设置引导类路径
[WARNING] 源值 8 已过时，将在未来发行版中删除
[WARNING] 目标值 8 已过时，将在未来发行版中删除
[WARNING] 要隐藏有关已过时选项的警告, 请使用 -Xlint:-options。
[INFO] 
[INFO] --- resources:3.3.1:testResources (default-testResources) @ auto-table-strategy-sqlite ---
[INFO] skip non existing resourceDirectory /Users/don/Code/个人/auto-table/auto-table-strategy/auto-table-strategy-sqlite/src/test/resources
[INFO] 
[INFO] --- compiler:3.12.1:testCompile (default-testCompile) @ auto-table-strategy-sqlite ---
[INFO] Recompiling the module because of changed dependency.
[INFO] 
[INFO] --- surefire:3.2.5:test (default-test) @ auto-table-strategy-sqlite ---
[INFO] 
[INFO] --- jar:3.4.1:jar (default-jar) @ auto-table-strategy-sqlite ---
[INFO] Building jar: /Users/don/Code/个人/auto-table/auto-table-strategy/auto-table-strategy-sqlite/target/auto-table-strategy-sqlite-2.6.1.jar
[INFO] 
[INFO] --- source:3.3.0:jar-no-fork (attach-sources) @ auto-table-strategy-sqlite ---
[INFO] Building jar: /Users/don/Code/个人/auto-table/auto-table-strategy/auto-table-strategy-sqlite/target/auto-table-strategy-sqlite-2.6.1-sources.jar
[INFO] 
[INFO] --- javadoc:3.6.3:jar (attach-javadocs) @ auto-table-strategy-sqlite ---
[ERROR] Error fetching link: /Users/don/Code/个人/auto-table/auto-table-core/target/apidocs. Ignored it.
[INFO] No previous run data found, generating javadoc.
[INFO] Building jar: /Users/don/Code/个人/auto-table/auto-table-strategy/auto-table-strategy-sqlite/target/auto-table-strategy-sqlite-2.6.1-javadoc.jar
[INFO] 
[INFO] --- install:3.1.2:install (default-install) @ auto-table-strategy-sqlite ---
[INFO] Installing /Users/don/Code/个人/auto-table/auto-table-strategy/auto-table-strategy-sqlite/pom.xml to /Users/don/.m2/repository/org/dromara/autotable/auto-table-strategy-sqlite/2.6.1/auto-table-strategy-sqlite-2.6.1.pom
[INFO] Installing /Users/don/Code/个人/auto-table/auto-table-strategy/auto-table-strategy-sqlite/target/auto-table-strategy-sqlite-2.6.1.jar to /Users/don/.m2/repository/org/dromara/autotable/auto-table-strategy-sqlite/2.6.1/auto-table-strategy-sqlite-2.6.1.jar
[INFO] Installing /Users/don/Code/个人/auto-table/auto-table-strategy/auto-table-strategy-sqlite/target/auto-table-strategy-sqlite-2.6.1-sources.jar to /Users/don/.m2/repository/org/dromara/autotable/auto-table-strategy-sqlite/2.6.1/auto-table-strategy-sqlite-2.6.1-sources.jar
[INFO] Installing /Users/don/Code/个人/auto-table/auto-table-strategy/auto-table-strategy-sqlite/target/auto-table-strategy-sqlite-2.6.1-javadoc.jar to /Users/don/.m2/repository/org/dromara/autotable/auto-table-strategy-sqlite/2.6.1/auto-table-strategy-sqlite-2.6.1-javadoc.jar
[INFO] 
[INFO] --- gpg:3.1.0:sign (sign-artifacts) @ auto-table-strategy-sqlite ---
[INFO] Signing 4 files with default secret key.
gpg: 使用 “A2D053AAEC30ADC5541F052D5E32CD6A3745B002” 作为默认签名用私钥
gpg: 使用 “A2D053AAEC30ADC5541F052D5E32CD6A3745B002” 作为默认签名用私钥
gpg: 使用 “A2D053AAEC30ADC5541F052D5E32CD6A3745B002” 作为默认签名用私钥
gpg: 使用 “A2D053AAEC30ADC5541F052D5E32CD6A3745B002” 作为默认签名用私钥
[INFO] 
[INFO] --- central-publishing:0.11.0:publish (injected-central-publishing) @ auto-table-strategy-sqlite ---
[INFO] Using Central baseUrl: https://central.sonatype.com
[INFO] Using credentials from server id central in settings.xml
[INFO] Staging 7 files
[INFO] Staging /Users/don/Code/个人/auto-table/auto-table-strategy/auto-table-strategy-sqlite/target/auto-table-strategy-sqlite-2.6.1.jar
[INFO] Installing /Users/don/Code/个人/auto-table/auto-table-strategy/auto-table-strategy-sqlite/target/auto-table-strategy-sqlite-2.6.1.jar to /Users/don/Code/个人/auto-table/target/central-staging/org/dromara/autotable/auto-table-strategy-sqlite/2.6.1/auto-table-strategy-sqlite-2.6.1.jar
[INFO] Installing /Users/don/Code/个人/auto-table/auto-table-strategy/auto-table-strategy-sqlite/pom.xml to /Users/don/Code/个人/auto-table/target/central-staging/org/dromara/autotable/auto-table-strategy-sqlite/2.6.1/auto-table-strategy-sqlite-2.6.1.pom
[INFO] Staging /Users/don/Code/个人/auto-table/auto-table-strategy/auto-table-strategy-sqlite/target/auto-table-strategy-sqlite-2.6.1-sources.jar
[INFO] Installing /Users/don/Code/个人/auto-table/auto-table-strategy/auto-table-strategy-sqlite/target/auto-table-strategy-sqlite-2.6.1-sources.jar to /Users/don/Code/个人/auto-table/target/central-staging/org/dromara/autotable/auto-table-strategy-sqlite/2.6.1/auto-table-strategy-sqlite-2.6.1-sources.jar
[INFO] Staging /Users/don/Code/个人/auto-table/auto-table-strategy/auto-table-strategy-sqlite/target/auto-table-strategy-sqlite-2.6.1-javadoc.jar
[INFO] Installing /Users/don/Code/个人/auto-table/auto-table-strategy/auto-table-strategy-sqlite/target/auto-table-strategy-sqlite-2.6.1-javadoc.jar to /Users/don/Code/个人/auto-table/target/central-staging/org/dromara/autotable/auto-table-strategy-sqlite/2.6.1/auto-table-strategy-sqlite-2.6.1-javadoc.jar
[INFO] Staging /Users/don/Code/个人/auto-table/auto-table-strategy/auto-table-strategy-sqlite/target/auto-table-strategy-sqlite-2.6.1.jar.asc
[INFO] Installing /Users/don/Code/个人/auto-table/auto-table-strategy/auto-table-strategy-sqlite/target/auto-table-strategy-sqlite-2.6.1.jar.asc to /Users/don/Code/个人/auto-table/target/central-staging/org/dromara/autotable/auto-table-strategy-sqlite/2.6.1/auto-table-strategy-sqlite-2.6.1.jar.asc
[INFO] Staging /Users/don/Code/个人/auto-table/auto-table-strategy/auto-table-strategy-sqlite/target/auto-table-strategy-sqlite-2.6.1.pom.asc
[INFO] Installing /Users/don/Code/个人/auto-table/auto-table-strategy/auto-table-strategy-sqlite/target/auto-table-strategy-sqlite-2.6.1.pom.asc to /Users/don/Code/个人/auto-table/target/central-staging/org/dromara/autotable/auto-table-strategy-sqlite/2.6.1/auto-table-strategy-sqlite-2.6.1.pom.asc
[INFO] Staging /Users/don/Code/个人/auto-table/auto-table-strategy/auto-table-strategy-sqlite/target/auto-table-strategy-sqlite-2.6.1-sources.jar.asc
[INFO] Installing /Users/don/Code/个人/auto-table/auto-table-strategy/auto-table-strategy-sqlite/target/auto-table-strategy-sqlite-2.6.1-sources.jar.asc to /Users/don/Code/个人/auto-table/target/central-staging/org/dromara/autotable/auto-table-strategy-sqlite/2.6.1/auto-table-strategy-sqlite-2.6.1-sources.jar.asc
[INFO] Staging /Users/don/Code/个人/auto-table/auto-table-strategy/auto-table-strategy-sqlite/target/auto-table-strategy-sqlite-2.6.1-javadoc.jar.asc
[INFO] Installing /Users/don/Code/个人/auto-table/auto-table-strategy/auto-table-strategy-sqlite/target/auto-table-strategy-sqlite-2.6.1-javadoc.jar.asc to /Users/don/Code/个人/auto-table/target/central-staging/org/dromara/autotable/auto-table-strategy-sqlite/2.6.1/auto-table-strategy-sqlite-2.6.1-javadoc.jar.asc
[INFO] Pre Bundling - deleted /Users/don/Code/个人/auto-table/target/central-staging/org/dromara/autotable/auto-table-strategy-sqlite/maven-metadata-central-staging.xml
[INFO] Generate checksums for dir: org/dromara/autotable/auto-table-strategy-sqlite/2.6.1
[INFO] 
[INFO] -----------< org.dromara.autotable:auto-table-strategy-all >------------
[INFO] Building auto-table-strategy-all 2.6.1                           [14/18]
[INFO]   from auto-table-strategy/auto-table-strategy-all/pom.xml
[INFO] --------------------------------[ jar ]---------------------------------
[WARNING] Parameter 'annotationProcessorPaths' is unknown for plugin 'maven-javadoc-plugin:3.6.3:jar (attach-javadocs)'
[INFO] 
[INFO] --- clean:3.2.0:clean (default-clean) @ auto-table-strategy-all ---
[INFO] Deleting /Users/don/Code/个人/auto-table/auto-table-strategy/auto-table-strategy-all/target
[INFO] 
[INFO] --- resources:3.3.1:resources (default-resources) @ auto-table-strategy-all ---
[INFO] Copying 0 resource from src/main/resources to target/classes
[INFO] 
[INFO] --- compiler:3.12.1:compile (default-compile) @ auto-table-strategy-all ---
[INFO] Recompiling the module because of changed dependency.
[INFO] Compiling 1 source file with javac [debug parameters target 1.8] to target/classes
[WARNING] 未与 -source 8 一起设置引导类路径
[WARNING] 源值 8 已过时，将在未来发行版中删除
[WARNING] 目标值 8 已过时，将在未来发行版中删除
[WARNING] 要隐藏有关已过时选项的警告, 请使用 -Xlint:-options。
[INFO] 
[INFO] --- resources:3.3.1:testResources (default-testResources) @ auto-table-strategy-all ---
[INFO] skip non existing resourceDirectory /Users/don/Code/个人/auto-table/auto-table-strategy/auto-table-strategy-all/src/test/resources
[INFO] 
[INFO] --- compiler:3.12.1:testCompile (default-testCompile) @ auto-table-strategy-all ---
[INFO] Recompiling the module because of changed dependency.
[INFO] 
[INFO] --- surefire:3.2.5:test (default-test) @ auto-table-strategy-all ---
[INFO] 
[INFO] --- jar:3.4.1:jar (default-jar) @ auto-table-strategy-all ---
[INFO] Building jar: /Users/don/Code/个人/auto-table/auto-table-strategy/auto-table-strategy-all/target/auto-table-strategy-all-2.6.1.jar
[INFO] 
[INFO] --- source:3.3.0:jar-no-fork (attach-sources) @ auto-table-strategy-all ---
[INFO] Building jar: /Users/don/Code/个人/auto-table/auto-table-strategy/auto-table-strategy-all/target/auto-table-strategy-all-2.6.1-sources.jar
[INFO] 
[INFO] --- javadoc:3.6.3:jar (attach-javadocs) @ auto-table-strategy-all ---
[INFO] No previous run data found, generating javadoc.
[INFO] Building jar: /Users/don/Code/个人/auto-table/auto-table-strategy/auto-table-strategy-all/target/auto-table-strategy-all-2.6.1-javadoc.jar
[INFO] 
[INFO] --- install:3.1.2:install (default-install) @ auto-table-strategy-all ---
[INFO] Installing /Users/don/Code/个人/auto-table/auto-table-strategy/auto-table-strategy-all/pom.xml to /Users/don/.m2/repository/org/dromara/autotable/auto-table-strategy-all/2.6.1/auto-table-strategy-all-2.6.1.pom
[INFO] Installing /Users/don/Code/个人/auto-table/auto-table-strategy/auto-table-strategy-all/target/auto-table-strategy-all-2.6.1.jar to /Users/don/.m2/repository/org/dromara/autotable/auto-table-strategy-all/2.6.1/auto-table-strategy-all-2.6.1.jar
[INFO] Installing /Users/don/Code/个人/auto-table/auto-table-strategy/auto-table-strategy-all/target/auto-table-strategy-all-2.6.1-sources.jar to /Users/don/.m2/repository/org/dromara/autotable/auto-table-strategy-all/2.6.1/auto-table-strategy-all-2.6.1-sources.jar
[INFO] Installing /Users/don/Code/个人/auto-table/auto-table-strategy/auto-table-strategy-all/target/auto-table-strategy-all-2.6.1-javadoc.jar to /Users/don/.m2/repository/org/dromara/autotable/auto-table-strategy-all/2.6.1/auto-table-strategy-all-2.6.1-javadoc.jar
[INFO] 
[INFO] --- gpg:3.1.0:sign (sign-artifacts) @ auto-table-strategy-all ---
[INFO] Signing 4 files with default secret key.
gpg: 使用 “A2D053AAEC30ADC5541F052D5E32CD6A3745B002” 作为默认签名用私钥
gpg: 使用 “A2D053AAEC30ADC5541F052D5E32CD6A3745B002” 作为默认签名用私钥
gpg: 使用 “A2D053AAEC30ADC5541F052D5E32CD6A3745B002” 作为默认签名用私钥
gpg: 使用 “A2D053AAEC30ADC5541F052D5E32CD6A3745B002” 作为默认签名用私钥
[INFO] 
[INFO] --- central-publishing:0.11.0:publish (injected-central-publishing) @ auto-table-strategy-all ---
[INFO] Using Central baseUrl: https://central.sonatype.com
[INFO] Using credentials from server id central in settings.xml
[INFO] Staging 7 files
[INFO] Staging /Users/don/Code/个人/auto-table/auto-table-strategy/auto-table-strategy-all/target/auto-table-strategy-all-2.6.1.jar
[INFO] Installing /Users/don/Code/个人/auto-table/auto-table-strategy/auto-table-strategy-all/target/auto-table-strategy-all-2.6.1.jar to /Users/don/Code/个人/auto-table/target/central-staging/org/dromara/autotable/auto-table-strategy-all/2.6.1/auto-table-strategy-all-2.6.1.jar
[INFO] Installing /Users/don/Code/个人/auto-table/auto-table-strategy/auto-table-strategy-all/pom.xml to /Users/don/Code/个人/auto-table/target/central-staging/org/dromara/autotable/auto-table-strategy-all/2.6.1/auto-table-strategy-all-2.6.1.pom
[INFO] Staging /Users/don/Code/个人/auto-table/auto-table-strategy/auto-table-strategy-all/target/auto-table-strategy-all-2.6.1-sources.jar
[INFO] Installing /Users/don/Code/个人/auto-table/auto-table-strategy/auto-table-strategy-all/target/auto-table-strategy-all-2.6.1-sources.jar to /Users/don/Code/个人/auto-table/target/central-staging/org/dromara/autotable/auto-table-strategy-all/2.6.1/auto-table-strategy-all-2.6.1-sources.jar
[INFO] Staging /Users/don/Code/个人/auto-table/auto-table-strategy/auto-table-strategy-all/target/auto-table-strategy-all-2.6.1-javadoc.jar
[INFO] Installing /Users/don/Code/个人/auto-table/auto-table-strategy/auto-table-strategy-all/target/auto-table-strategy-all-2.6.1-javadoc.jar to /Users/don/Code/个人/auto-table/target/central-staging/org/dromara/autotable/auto-table-strategy-all/2.6.1/auto-table-strategy-all-2.6.1-javadoc.jar
[INFO] Staging /Users/don/Code/个人/auto-table/auto-table-strategy/auto-table-strategy-all/target/auto-table-strategy-all-2.6.1.jar.asc
[INFO] Installing /Users/don/Code/个人/auto-table/auto-table-strategy/auto-table-strategy-all/target/auto-table-strategy-all-2.6.1.jar.asc to /Users/don/Code/个人/auto-table/target/central-staging/org/dromara/autotable/auto-table-strategy-all/2.6.1/auto-table-strategy-all-2.6.1.jar.asc
[INFO] Staging /Users/don/Code/个人/auto-table/auto-table-strategy/auto-table-strategy-all/target/auto-table-strategy-all-2.6.1.pom.asc
[INFO] Installing /Users/don/Code/个人/auto-table/auto-table-strategy/auto-table-strategy-all/target/auto-table-strategy-all-2.6.1.pom.asc to /Users/don/Code/个人/auto-table/target/central-staging/org/dromara/autotable/auto-table-strategy-all/2.6.1/auto-table-strategy-all-2.6.1.pom.asc
[INFO] Staging /Users/don/Code/个人/auto-table/auto-table-strategy/auto-table-strategy-all/target/auto-table-strategy-all-2.6.1-sources.jar.asc
[INFO] Installing /Users/don/Code/个人/auto-table/auto-table-strategy/auto-table-strategy-all/target/auto-table-strategy-all-2.6.1-sources.jar.asc to /Users/don/Code/个人/auto-table/target/central-staging/org/dromara/autotable/auto-table-strategy-all/2.6.1/auto-table-strategy-all-2.6.1-sources.jar.asc
[INFO] Staging /Users/don/Code/个人/auto-table/auto-table-strategy/auto-table-strategy-all/target/auto-table-strategy-all-2.6.1-javadoc.jar.asc
[INFO] Installing /Users/don/Code/个人/auto-table/auto-table-strategy/auto-table-strategy-all/target/auto-table-strategy-all-2.6.1-javadoc.jar.asc to /Users/don/Code/个人/auto-table/target/central-staging/org/dromara/autotable/auto-table-strategy-all/2.6.1/auto-table-strategy-all-2.6.1-javadoc.jar.asc
[INFO] Pre Bundling - deleted /Users/don/Code/个人/auto-table/target/central-staging/org/dromara/autotable/auto-table-strategy-all/maven-metadata-central-staging.xml
[INFO] Generate checksums for dir: org/dromara/autotable/auto-table-strategy-all/2.6.1
[INFO] 
[INFO] --------< org.dromara.autotable:auto-table-spring-boot-starter >--------
[INFO] Building auto-table-spring-boot-starter 2.6.1                    [15/18]
[INFO]   from auto-table-spring-boot-starter/pom.xml
[INFO] --------------------------------[ jar ]---------------------------------
[WARNING] Parameter 'annotationProcessorPaths' is unknown for plugin 'maven-javadoc-plugin:3.6.3:jar (attach-javadocs)'
[INFO] 
[INFO] --- clean:3.2.0:clean (default-clean) @ auto-table-spring-boot-starter ---
[INFO] Deleting /Users/don/Code/个人/auto-table/auto-table-spring-boot-starter/target
[INFO] 
[INFO] --- resources:3.3.1:resources (default-resources) @ auto-table-spring-boot-starter ---
[INFO] skip non existing resourceDirectory /Users/don/Code/个人/auto-table/auto-table-spring-boot-starter/src/main/resources
[INFO] 
[INFO] --- compiler:3.12.1:compile (default-compile) @ auto-table-spring-boot-starter ---
[INFO] Recompiling the module because of changed dependency.
[INFO] Compiling 11 source files with javac [debug parameters target 1.8] to target/classes
[WARNING] 未与 -source 8 一起设置引导类路径
[WARNING] 源值 8 已过时，将在未来发行版中删除
[WARNING] 目标值 8 已过时，将在未来发行版中删除
[WARNING] 要隐藏有关已过时选项的警告, 请使用 -Xlint:-options。
[INFO] 
[INFO] --- resources:3.3.1:testResources (default-testResources) @ auto-table-spring-boot-starter ---
[INFO] skip non existing resourceDirectory /Users/don/Code/个人/auto-table/auto-table-spring-boot-starter/src/test/resources
[INFO] 
[INFO] --- compiler:3.12.1:testCompile (default-testCompile) @ auto-table-spring-boot-starter ---
[INFO] No sources to compile
[INFO] 
[INFO] --- surefire:3.2.5:test (default-test) @ auto-table-spring-boot-starter ---
[INFO] No tests to run.
[INFO] 
[INFO] --- jar:3.4.1:jar (default-jar) @ auto-table-spring-boot-starter ---
[INFO] Building jar: /Users/don/Code/个人/auto-table/auto-table-spring-boot-starter/target/auto-table-spring-boot-starter-2.6.1.jar
[INFO] 
[INFO] --- source:3.3.0:jar-no-fork (attach-sources) @ auto-table-spring-boot-starter ---
[INFO] Building jar: /Users/don/Code/个人/auto-table/auto-table-spring-boot-starter/target/auto-table-spring-boot-starter-2.6.1-sources.jar
[INFO] 
[INFO] --- javadoc:3.6.3:jar (attach-javadocs) @ auto-table-spring-boot-starter ---
[INFO] No previous run data found, generating javadoc.
[INFO] Building jar: /Users/don/Code/个人/auto-table/auto-table-spring-boot-starter/target/auto-table-spring-boot-starter-2.6.1-javadoc.jar
[INFO] 
[INFO] --- checksum:1.4:files (checksum-maven-plugin-files) @ auto-table-spring-boot-starter ---
[INFO] auto-table-spring-boot-starter-2.6.1-javadoc.jar - SHA-1 : 15303988c223db6c2535c5e2b0cfd3c7ef3dbdbc
[INFO] auto-table-spring-boot-starter-2.6.1-javadoc.jar - MD5 : cb198a0ccf22b4fa9d5628e3b4ff08aa
[INFO] auto-table-spring-boot-starter-2.6.1-sources.jar - SHA-1 : a03055da719ae5220b983376df51c0fbe4fa0600
[INFO] auto-table-spring-boot-starter-2.6.1-sources.jar - MD5 : 34e418d8ab0abe5034b232c3cb3afee7
[INFO] auto-table-spring-boot-starter-2.6.1.jar - SHA-1 : 6e95d1a2c4ca5cafbd1dfe14022e1b9d1c0e8549
[INFO] auto-table-spring-boot-starter-2.6.1.jar - MD5 : 81d832eeaa45a9d21f7eed8a6bb1c008
[INFO] 
[INFO] --- install:3.1.2:install (default-install) @ auto-table-spring-boot-starter ---
[INFO] Installing /Users/don/Code/个人/auto-table/auto-table-spring-boot-starter/pom.xml to /Users/don/.m2/repository/org/dromara/autotable/auto-table-spring-boot-starter/2.6.1/auto-table-spring-boot-starter-2.6.1.pom
[INFO] Installing /Users/don/Code/个人/auto-table/auto-table-spring-boot-starter/target/auto-table-spring-boot-starter-2.6.1.jar to /Users/don/.m2/repository/org/dromara/autotable/auto-table-spring-boot-starter/2.6.1/auto-table-spring-boot-starter-2.6.1.jar
[INFO] Installing /Users/don/Code/个人/auto-table/auto-table-spring-boot-starter/target/auto-table-spring-boot-starter-2.6.1-sources.jar to /Users/don/.m2/repository/org/dromara/autotable/auto-table-spring-boot-starter/2.6.1/auto-table-spring-boot-starter-2.6.1-sources.jar
[INFO] Installing /Users/don/Code/个人/auto-table/auto-table-spring-boot-starter/target/auto-table-spring-boot-starter-2.6.1-javadoc.jar to /Users/don/.m2/repository/org/dromara/autotable/auto-table-spring-boot-starter/2.6.1/auto-table-spring-boot-starter-2.6.1-javadoc.jar
[INFO] 
[INFO] --- gpg:3.1.0:sign (sign-artifacts) @ auto-table-spring-boot-starter ---
[INFO] Signing 4 files with default secret key.
gpg: 使用 “A2D053AAEC30ADC5541F052D5E32CD6A3745B002” 作为默认签名用私钥
gpg: 使用 “A2D053AAEC30ADC5541F052D5E32CD6A3745B002” 作为默认签名用私钥
gpg: 使用 “A2D053AAEC30ADC5541F052D5E32CD6A3745B002” 作为默认签名用私钥
gpg: 使用 “A2D053AAEC30ADC5541F052D5E32CD6A3745B002” 作为默认签名用私钥
[INFO] 
[INFO] --- central-publishing:0.11.0:publish (injected-central-publishing) @ auto-table-spring-boot-starter ---
[INFO] Using Central baseUrl: https://central.sonatype.com
[INFO] Using credentials from server id central in settings.xml
[INFO] Staging 7 files
[INFO] Staging /Users/don/Code/个人/auto-table/auto-table-spring-boot-starter/target/auto-table-spring-boot-starter-2.6.1.jar
[INFO] Installing /Users/don/Code/个人/auto-table/auto-table-spring-boot-starter/target/auto-table-spring-boot-starter-2.6.1.jar to /Users/don/Code/个人/auto-table/target/central-staging/org/dromara/autotable/auto-table-spring-boot-starter/2.6.1/auto-table-spring-boot-starter-2.6.1.jar
[INFO] Installing /Users/don/Code/个人/auto-table/auto-table-spring-boot-starter/pom.xml to /Users/don/Code/个人/auto-table/target/central-staging/org/dromara/autotable/auto-table-spring-boot-starter/2.6.1/auto-table-spring-boot-starter-2.6.1.pom
[INFO] Staging /Users/don/Code/个人/auto-table/auto-table-spring-boot-starter/target/auto-table-spring-boot-starter-2.6.1-sources.jar
[INFO] Installing /Users/don/Code/个人/auto-table/auto-table-spring-boot-starter/target/auto-table-spring-boot-starter-2.6.1-sources.jar to /Users/don/Code/个人/auto-table/target/central-staging/org/dromara/autotable/auto-table-spring-boot-starter/2.6.1/auto-table-spring-boot-starter-2.6.1-sources.jar
[INFO] Staging /Users/don/Code/个人/auto-table/auto-table-spring-boot-starter/target/auto-table-spring-boot-starter-2.6.1-javadoc.jar
[INFO] Installing /Users/don/Code/个人/auto-table/auto-table-spring-boot-starter/target/auto-table-spring-boot-starter-2.6.1-javadoc.jar to /Users/don/Code/个人/auto-table/target/central-staging/org/dromara/autotable/auto-table-spring-boot-starter/2.6.1/auto-table-spring-boot-starter-2.6.1-javadoc.jar
[INFO] Staging /Users/don/Code/个人/auto-table/auto-table-spring-boot-starter/target/auto-table-spring-boot-starter-2.6.1.jar.asc
[INFO] Installing /Users/don/Code/个人/auto-table/auto-table-spring-boot-starter/target/auto-table-spring-boot-starter-2.6.1.jar.asc to /Users/don/Code/个人/auto-table/target/central-staging/org/dromara/autotable/auto-table-spring-boot-starter/2.6.1/auto-table-spring-boot-starter-2.6.1.jar.asc
[INFO] Staging /Users/don/Code/个人/auto-table/auto-table-spring-boot-starter/target/auto-table-spring-boot-starter-2.6.1.pom.asc
[INFO] Installing /Users/don/Code/个人/auto-table/auto-table-spring-boot-starter/target/auto-table-spring-boot-starter-2.6.1.pom.asc to /Users/don/Code/个人/auto-table/target/central-staging/org/dromara/autotable/auto-table-spring-boot-starter/2.6.1/auto-table-spring-boot-starter-2.6.1.pom.asc
[INFO] Staging /Users/don/Code/个人/auto-table/auto-table-spring-boot-starter/target/auto-table-spring-boot-starter-2.6.1-sources.jar.asc
[INFO] Installing /Users/don/Code/个人/auto-table/auto-table-spring-boot-starter/target/auto-table-spring-boot-starter-2.6.1-sources.jar.asc to /Users/don/Code/个人/auto-table/target/central-staging/org/dromara/autotable/auto-table-spring-boot-starter/2.6.1/auto-table-spring-boot-starter-2.6.1-sources.jar.asc
[INFO] Staging /Users/don/Code/个人/auto-table/auto-table-spring-boot-starter/target/auto-table-spring-boot-starter-2.6.1-javadoc.jar.asc
[INFO] Installing /Users/don/Code/个人/auto-table/auto-table-spring-boot-starter/target/auto-table-spring-boot-starter-2.6.1-javadoc.jar.asc to /Users/don/Code/个人/auto-table/target/central-staging/org/dromara/autotable/auto-table-spring-boot-starter/2.6.1/auto-table-spring-boot-starter-2.6.1-javadoc.jar.asc
[INFO] Pre Bundling - deleted /Users/don/Code/个人/auto-table/target/central-staging/org/dromara/autotable/auto-table-spring-boot-starter/maven-metadata-central-staging.xml
[INFO] Generate checksums for dir: org/dromara/autotable/auto-table-spring-boot-starter/2.6.1
[INFO] 
[INFO] -----------< org.dromara.autotable:auto-table-solon-plugin >------------
[INFO] Building auto-table-solon-plugin 2.6.1                           [16/18]
[INFO]   from auto-table-solon-plugin/pom.xml
[INFO] --------------------------------[ jar ]---------------------------------
[WARNING] Parameter 'annotationProcessorPaths' is unknown for plugin 'maven-javadoc-plugin:3.6.3:jar (attach-javadocs)'
[INFO] 
[INFO] --- clean:3.2.0:clean (default-clean) @ auto-table-solon-plugin ---
[INFO] Deleting /Users/don/Code/个人/auto-table/auto-table-solon-plugin/target
[INFO] 
[INFO] --- resources:3.3.1:resources (default-resources) @ auto-table-solon-plugin ---
[INFO] Copying 1 resource from src/main/resources to target/classes
[INFO] 
[INFO] --- compiler:3.12.1:compile (default-compile) @ auto-table-solon-plugin ---
[INFO] Recompiling the module because of changed dependency.
[INFO] Compiling 10 source files with javac [debug parameters target 1.8] to target/classes
[WARNING] 未与 -source 8 一起设置引导类路径
[WARNING] 源值 8 已过时，将在未来发行版中删除
[WARNING] 目标值 8 已过时，将在未来发行版中删除
[WARNING] 要隐藏有关已过时选项的警告, 请使用 -Xlint:-options。
[INFO] /Users/don/Code/个人/auto-table/auto-table-solon-plugin/src/main/java/org/dromara/autotable/solon/integration/AutoTablePlugin.java: /Users/don/Code/个人/auto-table/auto-table-solon-plugin/src/main/java/org/dromara/autotable/solon/integration/AutoTablePlugin.java使用了未经检查或不安全的操作。
[INFO] /Users/don/Code/个人/auto-table/auto-table-solon-plugin/src/main/java/org/dromara/autotable/solon/integration/AutoTablePlugin.java: 有关详细信息, 请使用 -Xlint:unchecked 重新编译。
[INFO] 
[INFO] --- resources:3.3.1:testResources (default-testResources) @ auto-table-solon-plugin ---
[INFO] skip non existing resourceDirectory /Users/don/Code/个人/auto-table/auto-table-solon-plugin/src/test/resources
[INFO] 
[INFO] --- compiler:3.12.1:testCompile (default-testCompile) @ auto-table-solon-plugin ---
[INFO] No sources to compile
[INFO] 
[INFO] --- surefire:3.2.5:test (default-test) @ auto-table-solon-plugin ---
[INFO] No tests to run.
[INFO] 
[INFO] --- jar:3.4.1:jar (default-jar) @ auto-table-solon-plugin ---
[INFO] Building jar: /Users/don/Code/个人/auto-table/auto-table-solon-plugin/target/auto-table-solon-plugin-2.6.1.jar
[INFO] 
[INFO] --- source:3.3.0:jar-no-fork (attach-sources) @ auto-table-solon-plugin ---
[INFO] Building jar: /Users/don/Code/个人/auto-table/auto-table-solon-plugin/target/auto-table-solon-plugin-2.6.1-sources.jar
[INFO] 
[INFO] --- javadoc:3.6.3:jar (attach-javadocs) @ auto-table-solon-plugin ---
[INFO] No previous run data found, generating javadoc.
[INFO] Building jar: /Users/don/Code/个人/auto-table/auto-table-solon-plugin/target/auto-table-solon-plugin-2.6.1-javadoc.jar
[INFO] 
[INFO] --- checksum:1.4:files (checksum-maven-plugin-files) @ auto-table-solon-plugin ---
[INFO] auto-table-solon-plugin-2.6.1-javadoc.jar - SHA-1 : 3112053c17ba7c2090db3fda10684319db22c285
[INFO] auto-table-solon-plugin-2.6.1-javadoc.jar - MD5 : 29c093b5f5b7ceadc0b4459ed7b1daf6
[INFO] auto-table-solon-plugin-2.6.1-sources.jar - SHA-1 : de16c2ca7ddafc8bfb4fa6848c1485d20ba326e9
[INFO] auto-table-solon-plugin-2.6.1-sources.jar - MD5 : 85a685bce3aaf5d0301b7734d68b5d1b
[INFO] auto-table-solon-plugin-2.6.1.jar - SHA-1 : b184a5bfdcda3d1aae15b9d155ae97e1ce794309
[INFO] auto-table-solon-plugin-2.6.1.jar - MD5 : 618edadfbdb584e7ec68cc47e93a961f
[INFO] 
[INFO] --- install:3.1.2:install (default-install) @ auto-table-solon-plugin ---
[INFO] Installing /Users/don/Code/个人/auto-table/auto-table-solon-plugin/pom.xml to /Users/don/.m2/repository/org/dromara/autotable/auto-table-solon-plugin/2.6.1/auto-table-solon-plugin-2.6.1.pom
[INFO] Installing /Users/don/Code/个人/auto-table/auto-table-solon-plugin/target/auto-table-solon-plugin-2.6.1.jar to /Users/don/.m2/repository/org/dromara/autotable/auto-table-solon-plugin/2.6.1/auto-table-solon-plugin-2.6.1.jar
[INFO] Installing /Users/don/Code/个人/auto-table/auto-table-solon-plugin/target/auto-table-solon-plugin-2.6.1-sources.jar to /Users/don/.m2/repository/org/dromara/autotable/auto-table-solon-plugin/2.6.1/auto-table-solon-plugin-2.6.1-sources.jar
[INFO] Installing /Users/don/Code/个人/auto-table/auto-table-solon-plugin/target/auto-table-solon-plugin-2.6.1-javadoc.jar to /Users/don/.m2/repository/org/dromara/autotable/auto-table-solon-plugin/2.6.1/auto-table-solon-plugin-2.6.1-javadoc.jar
[INFO] 
[INFO] --- gpg:3.1.0:sign (sign-artifacts) @ auto-table-solon-plugin ---
[INFO] Signing 4 files with default secret key.
gpg: 使用 “A2D053AAEC30ADC5541F052D5E32CD6A3745B002” 作为默认签名用私钥
gpg: 使用 “A2D053AAEC30ADC5541F052D5E32CD6A3745B002” 作为默认签名用私钥
gpg: 使用 “A2D053AAEC30ADC5541F052D5E32CD6A3745B002” 作为默认签名用私钥
gpg: 使用 “A2D053AAEC30ADC5541F052D5E32CD6A3745B002” 作为默认签名用私钥
[INFO] 
[INFO] --- central-publishing:0.11.0:publish (injected-central-publishing) @ auto-table-solon-plugin ---
[INFO] Using Central baseUrl: https://central.sonatype.com
[INFO] Using credentials from server id central in settings.xml
[INFO] Staging 7 files
[INFO] Staging /Users/don/Code/个人/auto-table/auto-table-solon-plugin/target/auto-table-solon-plugin-2.6.1.jar
[INFO] Installing /Users/don/Code/个人/auto-table/auto-table-solon-plugin/target/auto-table-solon-plugin-2.6.1.jar to /Users/don/Code/个人/auto-table/target/central-staging/org/dromara/autotable/auto-table-solon-plugin/2.6.1/auto-table-solon-plugin-2.6.1.jar
[INFO] Installing /Users/don/Code/个人/auto-table/auto-table-solon-plugin/pom.xml to /Users/don/Code/个人/auto-table/target/central-staging/org/dromara/autotable/auto-table-solon-plugin/2.6.1/auto-table-solon-plugin-2.6.1.pom
[INFO] Staging /Users/don/Code/个人/auto-table/auto-table-solon-plugin/target/auto-table-solon-plugin-2.6.1-sources.jar
[INFO] Installing /Users/don/Code/个人/auto-table/auto-table-solon-plugin/target/auto-table-solon-plugin-2.6.1-sources.jar to /Users/don/Code/个人/auto-table/target/central-staging/org/dromara/autotable/auto-table-solon-plugin/2.6.1/auto-table-solon-plugin-2.6.1-sources.jar
[INFO] Staging /Users/don/Code/个人/auto-table/auto-table-solon-plugin/target/auto-table-solon-plugin-2.6.1-javadoc.jar
[INFO] Installing /Users/don/Code/个人/auto-table/auto-table-solon-plugin/target/auto-table-solon-plugin-2.6.1-javadoc.jar to /Users/don/Code/个人/auto-table/target/central-staging/org/dromara/autotable/auto-table-solon-plugin/2.6.1/auto-table-solon-plugin-2.6.1-javadoc.jar
[INFO] Staging /Users/don/Code/个人/auto-table/auto-table-solon-plugin/target/auto-table-solon-plugin-2.6.1.jar.asc
[INFO] Installing /Users/don/Code/个人/auto-table/auto-table-solon-plugin/target/auto-table-solon-plugin-2.6.1.jar.asc to /Users/don/Code/个人/auto-table/target/central-staging/org/dromara/autotable/auto-table-solon-plugin/2.6.1/auto-table-solon-plugin-2.6.1.jar.asc
[INFO] Staging /Users/don/Code/个人/auto-table/auto-table-solon-plugin/target/auto-table-solon-plugin-2.6.1.pom.asc
[INFO] Installing /Users/don/Code/个人/auto-table/auto-table-solon-plugin/target/auto-table-solon-plugin-2.6.1.pom.asc to /Users/don/Code/个人/auto-table/target/central-staging/org/dromara/autotable/auto-table-solon-plugin/2.6.1/auto-table-solon-plugin-2.6.1.pom.asc
[INFO] Staging /Users/don/Code/个人/auto-table/auto-table-solon-plugin/target/auto-table-solon-plugin-2.6.1-sources.jar.asc
[INFO] Installing /Users/don/Code/个人/auto-table/auto-table-solon-plugin/target/auto-table-solon-plugin-2.6.1-sources.jar.asc to /Users/don/Code/个人/auto-table/target/central-staging/org/dromara/autotable/auto-table-solon-plugin/2.6.1/auto-table-solon-plugin-2.6.1-sources.jar.asc
[INFO] Staging /Users/don/Code/个人/auto-table/auto-table-solon-plugin/target/auto-table-solon-plugin-2.6.1-javadoc.jar.asc
[INFO] Installing /Users/don/Code/个人/auto-table/auto-table-solon-plugin/target/auto-table-solon-plugin-2.6.1-javadoc.jar.asc to /Users/don/Code/个人/auto-table/target/central-staging/org/dromara/autotable/auto-table-solon-plugin/2.6.1/auto-table-solon-plugin-2.6.1-javadoc.jar.asc
[INFO] Pre Bundling - deleted /Users/don/Code/个人/auto-table/target/central-staging/org/dromara/autotable/auto-table-solon-plugin/maven-metadata-central-staging.xml
[INFO] Generate checksums for dir: org/dromara/autotable/auto-table-solon-plugin/2.6.1
[INFO] 
[INFO] --------------< org.dromara.autotable:auto-table-support >--------------
[INFO] Building auto-table-support 2.6.1                                [17/18]
[INFO]   from auto-table-support/pom.xml
[INFO] --------------------------------[ pom ]---------------------------------
[WARNING] Parameter 'annotationProcessorPaths' is unknown for plugin 'maven-javadoc-plugin:3.6.3:jar (attach-javadocs)'
[INFO] 
[INFO] --- clean:3.2.0:clean (default-clean) @ auto-table-support ---
[INFO] Deleting /Users/don/Code/个人/auto-table/auto-table-support/target
[INFO] 
[INFO] --- source:3.3.0:jar-no-fork (attach-sources) @ auto-table-support ---
[INFO] 
[INFO] --- javadoc:3.6.3:jar (attach-javadocs) @ auto-table-support ---
[INFO] Not executing Javadoc as the project is not a Java classpath-capable package
[INFO] 
[INFO] --- install:3.1.2:install (default-install) @ auto-table-support ---
[INFO] Installing /Users/don/Code/个人/auto-table/auto-table-support/pom.xml to /Users/don/.m2/repository/org/dromara/autotable/auto-table-support/2.6.1/auto-table-support-2.6.1.pom
[INFO] 
[INFO] --- gpg:3.1.0:sign (sign-artifacts) @ auto-table-support ---
[INFO] Signing 1 file with default secret key.
gpg: 使用 “A2D053AAEC30ADC5541F052D5E32CD6A3745B002” 作为默认签名用私钥
[INFO] 
[INFO] --- central-publishing:0.11.0:publish (injected-central-publishing) @ auto-table-support ---
[INFO] Using Central baseUrl: https://central.sonatype.com
[INFO] Using credentials from server id central in settings.xml
[INFO] Staging 2 files
[INFO] Staging /Users/don/Code/个人/auto-table/auto-table-support/pom.xml
[INFO] Installing /Users/don/Code/个人/auto-table/auto-table-support/pom.xml to /Users/don/Code/个人/auto-table/target/central-staging/org/dromara/autotable/auto-table-support/2.6.1/auto-table-support-2.6.1.pom
[INFO] Staging /Users/don/Code/个人/auto-table/auto-table-support/target/auto-table-support-2.6.1.pom.asc
[INFO] Installing /Users/don/Code/个人/auto-table/auto-table-support/target/auto-table-support-2.6.1.pom.asc to /Users/don/Code/个人/auto-table/target/central-staging/org/dromara/autotable/auto-table-support/2.6.1/auto-table-support-2.6.1.pom.asc
[INFO] Pre Bundling - deleted /Users/don/Code/个人/auto-table/target/central-staging/org/dromara/autotable/auto-table-support/maven-metadata-central-staging.xml
[INFO] Generate checksums for dir: org/dromara/autotable/auto-table-support/2.6.1
[INFO] 
[INFO] ---------< org.dromara.autotable:auto-table-support-springdoc >---------
[INFO] Building auto-table-support-springdoc 2.6.1                      [18/18]
[INFO]   from auto-table-support/auto-table-support-springdoc/pom.xml
[INFO] --------------------------------[ jar ]---------------------------------
[WARNING] Parameter 'annotationProcessorPaths' is unknown for plugin 'maven-javadoc-plugin:3.6.3:jar (attach-javadocs)'
[INFO] 
[INFO] --- clean:3.2.0:clean (default-clean) @ auto-table-support-springdoc ---
[INFO] Deleting /Users/don/Code/个人/auto-table/auto-table-support/auto-table-support-springdoc/target
[INFO] 
[INFO] --- resources:3.3.1:resources (default-resources) @ auto-table-support-springdoc ---
[INFO] Copying 1 resource from src/main/resources to target/classes
[INFO] 
[INFO] --- compiler:3.12.1:compile (default-compile) @ auto-table-support-springdoc ---
[INFO] Recompiling the module because of changed dependency.
[INFO] Compiling 3 source files with javac [debug parameters target 1.8] to target/classes
[WARNING] 未与 -source 8 一起设置引导类路径
[WARNING] 源值 8 已过时，将在未来发行版中删除
[WARNING] 目标值 8 已过时，将在未来发行版中删除
[WARNING] 要隐藏有关已过时选项的警告, 请使用 -Xlint:-options。
[INFO] 
[INFO] --- resources:3.3.1:testResources (default-testResources) @ auto-table-support-springdoc ---
[INFO] skip non existing resourceDirectory /Users/don/Code/个人/auto-table/auto-table-support/auto-table-support-springdoc/src/test/resources
[INFO] 
[INFO] --- compiler:3.12.1:testCompile (default-testCompile) @ auto-table-support-springdoc ---
[INFO] No sources to compile
[INFO] 
[INFO] --- surefire:3.2.5:test (default-test) @ auto-table-support-springdoc ---
[INFO] No tests to run.
[INFO] 
[INFO] --- jar:3.4.1:jar (default-jar) @ auto-table-support-springdoc ---
[INFO] Building jar: /Users/don/Code/个人/auto-table/auto-table-support/auto-table-support-springdoc/target/auto-table-support-springdoc-2.6.1.jar
[INFO] 
[INFO] --- source:3.3.0:jar-no-fork (attach-sources) @ auto-table-support-springdoc ---
[INFO] Building jar: /Users/don/Code/个人/auto-table/auto-table-support/auto-table-support-springdoc/target/auto-table-support-springdoc-2.6.1-sources.jar
[INFO] 
[INFO] --- javadoc:3.6.3:jar (attach-javadocs) @ auto-table-support-springdoc ---
[ERROR] Error fetching link: /Users/don/Code/个人/auto-table/auto-table-core/target/apidocs. Ignored it.
[INFO] No previous run data found, generating javadoc.
[INFO] Building jar: /Users/don/Code/个人/auto-table/auto-table-support/auto-table-support-springdoc/target/auto-table-support-springdoc-2.6.1-javadoc.jar
[INFO] 
[INFO] --- install:3.1.2:install (default-install) @ auto-table-support-springdoc ---
[INFO] Installing /Users/don/Code/个人/auto-table/auto-table-support/auto-table-support-springdoc/pom.xml to /Users/don/.m2/repository/org/dromara/autotable/auto-table-support-springdoc/2.6.1/auto-table-support-springdoc-2.6.1.pom
[INFO] Installing /Users/don/Code/个人/auto-table/auto-table-support/auto-table-support-springdoc/target/auto-table-support-springdoc-2.6.1.jar to /Users/don/.m2/repository/org/dromara/autotable/auto-table-support-springdoc/2.6.1/auto-table-support-springdoc-2.6.1.jar
[INFO] Installing /Users/don/Code/个人/auto-table/auto-table-support/auto-table-support-springdoc/target/auto-table-support-springdoc-2.6.1-sources.jar to /Users/don/.m2/repository/org/dromara/autotable/auto-table-support-springdoc/2.6.1/auto-table-support-springdoc-2.6.1-sources.jar
[INFO] Installing /Users/don/Code/个人/auto-table/auto-table-support/auto-table-support-springdoc/target/auto-table-support-springdoc-2.6.1-javadoc.jar to /Users/don/.m2/repository/org/dromara/autotable/auto-table-support-springdoc/2.6.1/auto-table-support-springdoc-2.6.1-javadoc.jar
[INFO] 
[INFO] --- gpg:3.1.0:sign (sign-artifacts) @ auto-table-support-springdoc ---
[INFO] Signing 4 files with default secret key.
gpg: 使用 “A2D053AAEC30ADC5541F052D5E32CD6A3745B002” 作为默认签名用私钥
gpg: 使用 “A2D053AAEC30ADC5541F052D5E32CD6A3745B002” 作为默认签名用私钥
gpg: 使用 “A2D053AAEC30ADC5541F052D5E32CD6A3745B002” 作为默认签名用私钥
gpg: 使用 “A2D053AAEC30ADC5541F052D5E32CD6A3745B002” 作为默认签名用私钥
[INFO] 
[INFO] --- central-publishing:0.11.0:publish (injected-central-publishing) @ auto-table-support-springdoc ---
[INFO] Using Central baseUrl: https://central.sonatype.com
[INFO] Using credentials from server id central in settings.xml
[INFO] Staging 7 files
[INFO] Staging /Users/don/Code/个人/auto-table/auto-table-support/auto-table-support-springdoc/target/auto-table-support-springdoc-2.6.1.jar
[INFO] Installing /Users/don/Code/个人/auto-table/auto-table-support/auto-table-support-springdoc/target/auto-table-support-springdoc-2.6.1.jar to /Users/don/Code/个人/auto-table/target/central-staging/org/dromara/autotable/auto-table-support-springdoc/2.6.1/auto-table-support-springdoc-2.6.1.jar
[INFO] Installing /Users/don/Code/个人/auto-table/auto-table-support/auto-table-support-springdoc/pom.xml to /Users/don/Code/个人/auto-table/target/central-staging/org/dromara/autotable/auto-table-support-springdoc/2.6.1/auto-table-support-springdoc-2.6.1.pom
[INFO] Staging /Users/don/Code/个人/auto-table/auto-table-support/auto-table-support-springdoc/target/auto-table-support-springdoc-2.6.1-sources.jar
[INFO] Installing /Users/don/Code/个人/auto-table/auto-table-support/auto-table-support-springdoc/target/auto-table-support-springdoc-2.6.1-sources.jar to /Users/don/Code/个人/auto-table/target/central-staging/org/dromara/autotable/auto-table-support-springdoc/2.6.1/auto-table-support-springdoc-2.6.1-sources.jar
[INFO] Staging /Users/don/Code/个人/auto-table/auto-table-support/auto-table-support-springdoc/target/auto-table-support-springdoc-2.6.1-javadoc.jar
[INFO] Installing /Users/don/Code/个人/auto-table/auto-table-support/auto-table-support-springdoc/target/auto-table-support-springdoc-2.6.1-javadoc.jar to /Users/don/Code/个人/auto-table/target/central-staging/org/dromara/autotable/auto-table-support-springdoc/2.6.1/auto-table-support-springdoc-2.6.1-javadoc.jar
[INFO] Staging /Users/don/Code/个人/auto-table/auto-table-support/auto-table-support-springdoc/target/auto-table-support-springdoc-2.6.1.jar.asc
[INFO] Installing /Users/don/Code/个人/auto-table/auto-table-support/auto-table-support-springdoc/target/auto-table-support-springdoc-2.6.1.jar.asc to /Users/don/Code/个人/auto-table/target/central-staging/org/dromara/autotable/auto-table-support-springdoc/2.6.1/auto-table-support-springdoc-2.6.1.jar.asc
[INFO] Staging /Users/don/Code/个人/auto-table/auto-table-support/auto-table-support-springdoc/target/auto-table-support-springdoc-2.6.1.pom.asc
[INFO] Installing /Users/don/Code/个人/auto-table/auto-table-support/auto-table-support-springdoc/target/auto-table-support-springdoc-2.6.1.pom.asc to /Users/don/Code/个人/auto-table/target/central-staging/org/dromara/autotable/auto-table-support-springdoc/2.6.1/auto-table-support-springdoc-2.6.1.pom.asc
[INFO] Staging /Users/don/Code/个人/auto-table/auto-table-support/auto-table-support-springdoc/target/auto-table-support-springdoc-2.6.1-sources.jar.asc
[INFO] Installing /Users/don/Code/个人/auto-table/auto-table-support/auto-table-support-springdoc/target/auto-table-support-springdoc-2.6.1-sources.jar.asc to /Users/don/Code/个人/auto-table/target/central-staging/org/dromara/autotable/auto-table-support-springdoc/2.6.1/auto-table-support-springdoc-2.6.1-sources.jar.asc
[INFO] Staging /Users/don/Code/个人/auto-table/auto-table-support/auto-table-support-springdoc/target/auto-table-support-springdoc-2.6.1-javadoc.jar.asc
[INFO] Installing /Users/don/Code/个人/auto-table/auto-table-support/auto-table-support-springdoc/target/auto-table-support-springdoc-2.6.1-javadoc.jar.asc to /Users/don/Code/个人/auto-table/target/central-staging/org/dromara/autotable/auto-table-support-springdoc/2.6.1/auto-table-support-springdoc-2.6.1-javadoc.jar.asc
[INFO] Pre Bundling - deleted /Users/don/Code/个人/auto-table/target/central-staging/org/dromara/autotable/auto-table-support-springdoc/maven-metadata-central-staging.xml
[INFO] Generate checksums for dir: org/dromara/autotable/auto-table-support-springdoc/2.6.1
[INFO] Going to create /Users/don/Code/个人/auto-table/target/central-publishing/central-bundle.zip by bundling content at /Users/don/Code/个人/auto-table/target/central-staging
[INFO] Created bundle successfully /Users/don/Code/个人/auto-table/target/central-staging/central-bundle.zip
[INFO] Going to upload /Users/don/Code/个人/auto-table/target/central-publishing/central-bundle.zip
[INFO] Uploaded bundle successfully, deployment name: Deployment, deploymentId: 8de6fac6-856e-47a7-abb7-88cd001c0b0e. Deployment will publish automatically
[INFO] Waiting until Deployment 8de6fac6-856e-47a7-abb7-88cd001c0b0e is validated
[INFO] Deployment 8de6fac6-856e-47a7-abb7-88cd001c0b0e has been validated. To finish publishing visit https://central.sonatype.com/publishing/deployments
[INFO] ------------------------------------------------------------------------
[INFO] Reactor Summary for org.dromara.autotable:auto-table 2.6.1:
[INFO] 
[INFO] org.dromara.autotable:auto-table ................... SUCCESS [  4.012 s]
[INFO] auto-table-annotation .............................. SUCCESS [  7.281 s]
[INFO] auto-table-core .................................... SUCCESS [  9.097 s]
[INFO] auto-table-strategy ................................ SUCCESS [  0.334 s]
[INFO] auto-table-strategy-dm ............................. SUCCESS [  7.226 s]
[INFO] auto-table-strategy-doris .......................... SUCCESS [  5.384 s]
[INFO] auto-table-strategy-h2 ............................. SUCCESS [  7.256 s]
[INFO] auto-table-strategy-pgsql .......................... SUCCESS [  9.037 s]
[INFO] auto-table-strategy-kingbase ....................... SUCCESS [  4.474 s]
[INFO] auto-table-strategy-mysql .......................... SUCCESS [  9.114 s]
[INFO] auto-table-strategy-oracle ......................... SUCCESS [  7.785 s]
[INFO] auto-table-strategy-sqlserver ...................... SUCCESS [  8.336 s]
[INFO] auto-table-strategy-sqlite ......................... SUCCESS [  4.536 s]
[INFO] auto-table-strategy-all ............................ SUCCESS [  4.060 s]
[INFO] auto-table-spring-boot-starter ..................... SUCCESS [  7.180 s]
[INFO] auto-table-solon-plugin ............................ SUCCESS [  5.157 s]
[INFO] auto-table-support ................................. SUCCESS [  0.349 s]
[INFO] auto-table-support-springdoc ....................... SUCCESS [ 49.510 s]
[INFO] ------------------------------------------------------------------------
[INFO] BUILD SUCCESS
[INFO] ------------------------------------------------------------------------
[INFO] Total time:  02:31 min
[INFO] Finished at: 2026-07-09T00:45:49+08:00
[INFO] ------------------------------------------------------------------------
================================
开始发布文档...
npm warn Unknown user config "ELECTRON_BUILDER_BINARIES_MIRROR". This will stop working in the next major version of npm.
npm warn Unknown user config "electron_mirror". This will stop working in the next major version of npm.

> docs:build
> vitepress build docs


  vitepress v1.6.4

- building client + server bundles...

(!) Some chunks are larger than 500 kB after minification. Consider:
- Using dynamic import() to code-split the application
- Use build.rollupOptions.output.manualChunks to improve chunking: https://rollupjs.org/configuration-options/#output-manualchunks
- Adjust chunk size limit for this warning via build.chunkSizeWarningLimit.
[32m✓[0m building client + server bundles...
- rendering pages...
[32m✓[0m rendering pages...
- generating sitemap...
[32m✓[0m generating sitemap...
build complete in 29.98s.
** WARNING: connection is not using a post-quantum key exchange algorithm.
** This session may be vulnerable to "store now, decrypt later" attacks.
** The server may need to be upgraded. See https://openssh.com/pq.html
sending incremental file list
dist/
dist/404.html
          2,100   9%    0.00kB/s    0:00:00           22,261 100%    9.61MB/s    0:00:00 (xfr#1, to-chk=260/262)
dist/alipay.png
            728   0%  355.47kB/s    0:00:01          535,022 100%    7.39MB/s    0:00:00 (xfr#2, to-chk=259/262)
dist/doris-update.jpg
            700   0%    9.77kB/s    0:00:16          158,900 100%    1.92MB/s    0:00:00 (xfr#3, to-chk=258/262)
dist/flow.png
            896   0%   10.94kB/s    0:01:13          806,335 100%    4.16MB/s    0:00:00 (xfr#4, to-chk=257/262)
dist/hashmap.json
          2,241 100%   11.64kB/s    0:00:00            2,241 100%   11.64kB/s    0:00:00 (xfr#5, to-chk=256/262)
dist/home-bg.png
            700   0%    3.64kB/s    0:00:46          169,580 100%  815.79kB/s    0:00:00 (xfr#6, to-chk=255/262)
dist/index.html
          4,200   8%   20.11kB/s    0:00:02           51,650 100%  246.05kB/s    0:00:00 (xfr#7, to-chk=254/262)
dist/logo.png
            700   0%    3.32kB/s    0:00:57          191,811 100%  836.23kB/s    0:00:00 (xfr#8, to-chk=253/262)
dist/mfe-logo.png
            700   0%    3.04kB/s    0:01:03          192,749 100%  781.04kB/s    0:00:00 (xfr#9, to-chk=252/262)
dist/mpe-logo.png
            700   0%    2.82kB/s    0:02:18          390,905 100%    1.34MB/s    0:00:00 (xfr#10, to-chk=251/262)
dist/qq.png
            700   0%    2.44kB/s    0:00:59          145,831 100%  466.93kB/s    0:00:00 (xfr#11, to-chk=250/262)
dist/sitemap.xml
            700   7%    2.24kB/s    0:00:03            9,203 100%   29.47kB/s    0:00:00 (xfr#12, to-chk=249/262)
dist/vp-icons.css
            700  77%    2.23kB/s    0:00:00              900 100%    2.87kB/s    0:00:00 (xfr#13, to-chk=248/262)
dist/wechat-pay.png
            700   0%    2.23kB/s    0:02:14          301,634 100%  876.68kB/s    0:00:00 (xfr#14, to-chk=247/262)
dist/wechat.png
            700   1%    2.03kB/s    0:00:23           47,881 100%  137.53kB/s    0:00:00 (xfr#15, to-chk=246/262)
dist/全面.png
            700   0%    2.00kB/s    0:01:23          168,904 100%  459.46kB/s    0:00:00 (xfr#16, to-chk=245/262)
dist/兼容适配.png
            700   0%    1.90kB/s    0:01:30          172,719 100%  372.34kB/s    0:00:00 (xfr#17, to-chk=244/262)
dist/智能.png
            700   0%    1.50kB/s    0:02:28          223,099 100%  455.80kB/s    0:00:00 (xfr#18, to-chk=243/262)
dist/更新日志.html
          4,200   5%    8.56kB/s    0:00:09           83,144 100%  168.11kB/s    0:00:00 (xfr#19, to-chk=242/262)
dist/API参考/
dist/API参考/注解速查.html
          4,200   5%    8.47kB/s    0:00:09           82,716 100%  165.87kB/s    0:00:00 (xfr#20, to-chk=230/262)
dist/API参考/配置项.html
          4,200   5%    8.42kB/s    0:00:08           75,553 100%  150.58kB/s    0:00:00 (xfr#21, to-chk=229/262)
dist/assets/
dist/assets/API参考_注解速查.md.DGQg4pMR.js
            700   2%    1.39kB/s    0:00:21           30,561 100%   60.66kB/s    0:00:00 (xfr#22, to-chk=228/262)
dist/assets/API参考_注解速查.md.DGQg4pMR.lean.js
            559 100%    1.11kB/s    0:00:00              559 100%    1.11kB/s    0:00:00 (xfr#23, to-chk=227/262)
dist/assets/API参考_配置项.md.Dug5-KMa.js
         27,355 100%   54.19kB/s    0:00:00           27,355 100%   54.19kB/s    0:00:00 (xfr#24, to-chk=226/262)
dist/assets/API参考_配置项.md.Dug5-KMa.lean.js
         14,733 100%   29.12kB/s    0:00:00           14,733 100%   29.12kB/s    0:00:00 (xfr#25, to-chk=225/262)
dist/assets/app.B2WRTKJZ.js
         32,768   6%   64.39kB/s    0:00:07          501,548 100%  940.10kB/s    0:00:00 (xfr#26, to-chk=224/262)
dist/assets/index.md.BwtpbQeE.js
            700  48%    1.31kB/s    0:00:00            1,430 100%    2.68kB/s    0:00:00 (xfr#27, to-chk=223/262)
dist/assets/index.md.BwtpbQeE.lean.js
            700  48%    1.31kB/s    0:00:00            1,430 100%    2.68kB/s    0:00:00 (xfr#28, to-chk=222/262)
dist/assets/inter-italic-cyrillic-ext.r48I6akx.woff2
            700   1%    1.31kB/s    0:00:32           43,112 100%   79.89kB/s    0:00:00 (xfr#29, to-chk=221/262)
dist/assets/inter-italic-cyrillic.By2_1cv3.woff2
            700   2%    1.29kB/s    0:00:23           31,300 100%   57.56kB/s    0:00:00 (xfr#30, to-chk=220/262)
dist/assets/inter-italic-greek-ext.1u6EdAuj.woff2
            700   4%    1.28kB/s    0:00:13           17,404 100%   31.83kB/s    0:00:00 (xfr#31, to-chk=219/262)
dist/assets/inter-italic-greek.DJ8dCoTZ.woff2
            700   2%    1.28kB/s    0:00:24           32,564 100%   59.22kB/s    0:00:00 (xfr#32, to-chk=218/262)
dist/assets/inter-italic-latin-ext.CN1xVJS-.woff2
            700   0%    1.27kB/s    0:01:34          120,840 100%  216.53kB/s    0:00:00 (xfr#33, to-chk=217/262)
dist/assets/inter-italic-latin.C2AdPX0b.woff2
            700   0%    1.25kB/s    0:00:59           74,784 100%  132.54kB/s    0:00:00 (xfr#34, to-chk=216/262)
dist/assets/inter-italic-vietnamese.BSbpV94h.woff2
            700   4%    1.24kB/s    0:00:11           14,884 100%   26.28kB/s    0:00:00 (xfr#35, to-chk=215/262)
dist/assets/inter-roman-cyrillic-ext.BBPuwvHQ.woff2
            700   1%    1.23kB/s    0:00:32           40,488 100%   70.99kB/s    0:00:00 (xfr#36, to-chk=214/262)
dist/assets/inter-roman-cyrillic.C5lxZ8CY.woff2
            700   2%    1.23kB/s    0:00:23           29,164 100%   50.68kB/s    0:00:00 (xfr#37, to-chk=213/262)
dist/assets/inter-roman-greek-ext.CqjqNYQ-.woff2
            700   4%    1.22kB/s    0:00:12           16,272 100%   28.22kB/s    0:00:00 (xfr#38, to-chk=212/262)
dist/assets/inter-roman-greek.BBVDIX6e.woff2
            700   2%    1.21kB/s    0:00:24           29,920 100%   51.62kB/s    0:00:00 (xfr#39, to-chk=211/262)
dist/assets/inter-roman-latin-ext.4ZJIpNVo.woff2
            700   0%    1.21kB/s    0:01:30          110,160 100%  186.77kB/s    0:00:00 (xfr#40, to-chk=210/262)
dist/assets/inter-roman-latin.Di8DUHzh.woff2
            700   1%    1.19kB/s    0:00:56           67,792 100%  113.95kB/s    0:00:00 (xfr#41, to-chk=209/262)
dist/assets/inter-roman-vietnamese.BjW4sHH5.woff2
            700   4%    1.17kB/s    0:00:11           14,072 100%   23.53kB/s    0:00:00 (xfr#42, to-chk=208/262)
dist/assets/style.BvbTKy0i.css
            700   0%    1.17kB/s    0:01:36          113,554 100%  188.59kB/s    0:00:00 (xfr#43, to-chk=207/262)
dist/assets/使用指南_定义列.md.24y4aBdc.js
            700   1%    1.16kB/s    0:00:41           48,335 100%   79.87kB/s    0:00:00 (xfr#44, to-chk=206/262)
dist/assets/使用指南_定义列.md.24y4aBdc.lean.js
            700  12%    1.15kB/s    0:00:04            5,798 100%    9.53kB/s    0:00:00 (xfr#45, to-chk=205/262)
dist/assets/使用指南_定义索引.md.CKrWQPf9.js
         32,768  93%   53.78kB/s    0:00:00           35,145 100%   57.68kB/s    0:00:00 (xfr#46, to-chk=204/262)
dist/assets/使用指南_定义索引.md.CKrWQPf9.lean.js
            510 100%    0.84kB/s    0:00:00              510 100%    0.84kB/s    0:00:00 (xfr#47, to-chk=203/262)
dist/assets/使用指南_定义表.md.L4a244sD.js
            700   4%    1.15kB/s    0:00:13           16,036 100%   26.28kB/s    0:00:00 (xfr#48, to-chk=202/262)
dist/assets/使用指南_定义表.md.L4a244sD.lean.js
            700  19%    1.15kB/s    0:00:02            3,645 100%    5.95kB/s    0:00:00 (xfr#49, to-chk=201/262)
dist/assets/常见问题_Invalid value type.md.ECzB_Kz3.js
            700  28%    1.14kB/s    0:00:01            2,498 100%    4.07kB/s    0:00:00 (xfr#50, to-chk=200/262)
dist/assets/常见问题_Invalid value type.md.ECzB_Kz3.lean.js
            527 100%    0.86kB/s    0:00:00              527 100%    0.86kB/s    0:00:00 (xfr#51, to-chk=199/262)
dist/assets/常见问题_index.md.BhaTiBDH.js
            700  15%    1.14kB/s    0:00:03            4,623 100%    7.50kB/s    0:00:00 (xfr#52, to-chk=198/262)
dist/assets/常见问题_index.md.BhaTiBDH.lean.js
            547 100%    0.89kB/s    0:00:00              547 100%    0.89kB/s    0:00:00 (xfr#53, to-chk=197/262)
dist/assets/常见问题_与Flyway集成.md.Dbk_bczs.js
            700  64%    1.14kB/s    0:00:00            1,091 100%    1.77kB/s    0:00:00 (xfr#54, to-chk=196/262)
dist/assets/常见问题_与Flyway集成.md.Dbk_bczs.lean.js
            518 100%    0.84kB/s    0:00:00              518 100%    0.84kB/s    0:00:00 (xfr#55, to-chk=195/262)
dist/assets/常见问题_启动顺序(时机).md.DAhc0xnk.js
            700  33%    1.13kB/s    0:00:01            2,060 100%    3.34kB/s    0:00:00 (xfr#56, to-chk=194/262)
dist/assets/常见问题_启动顺序(时机).md.DAhc0xnk.lean.js
            528 100%    0.86kB/s    0:00:00              528 100%    0.85kB/s    0:00:00 (xfr#57, to-chk=193/262)
dist/assets/常见问题_字段删除.md.DJTmNBcS.js
            700  63%    1.13kB/s    0:00:00            1,100 100%    1.78kB/s    0:00:00 (xfr#58, to-chk=192/262)
dist/assets/常见问题_字段删除.md.DJTmNBcS.lean.js
            509 100%    0.82kB/s    0:00:00              509 100%    0.82kB/s    0:00:00 (xfr#59, to-chk=191/262)
dist/assets/常见问题_字段排序.md.DlKEW-OD.js
            700  34%    1.13kB/s    0:00:01            2,007 100%    3.24kB/s    0:00:00 (xfr#60, to-chk=190/262)
dist/assets/常见问题_字段排序.md.DlKEW-OD.lean.js
            510 100%    0.82kB/s    0:00:00              510 100%    0.82kB/s    0:00:00 (xfr#61, to-chk=189/262)
dist/assets/常见问题_没有创建表.md.BOFb-4Ok.js
            700  44%    1.13kB/s    0:00:00            1,569 100%    2.53kB/s    0:00:00 (xfr#62, to-chk=188/262)
dist/assets/常见问题_没有创建表.md.BOFb-4Ok.lean.js
            518 100%    0.83kB/s    0:00:00              518 100%    0.83kB/s    0:00:00 (xfr#63, to-chk=187/262)
dist/assets/常见问题_添加自定义映射关系.md.FCiQtGeL.js
            700   4%    1.13kB/s    0:00:12           15,026 100%   24.17kB/s    0:00:00 (xfr#64, to-chk=186/262)
dist/assets/常见问题_添加自定义映射关系.md.FCiQtGeL.lean.js
            554 100%    0.89kB/s    0:00:00              554 100%    0.89kB/s    0:00:00 (xfr#65, to-chk=185/262)
dist/assets/常见问题_父类字段没有创建.md.C7q9UUCO.js
            700  32%    1.13kB/s    0:00:01            2,140 100%    3.44kB/s    0:00:00 (xfr#66, to-chk=184/262)
dist/assets/常见问题_父类字段没有创建.md.C7q9UUCO.lean.js
            546 100%    0.88kB/s    0:00:00              546 100%    0.88kB/s    0:00:00 (xfr#67, to-chk=183/262)
dist/assets/常见问题_生成Flyway脚本.md.DYbSt7fA.js
            700  62%    1.12kB/s    0:00:00            1,124 100%    1.81kB/s    0:00:00 (xfr#68, to-chk=182/262)
dist/assets/常见问题_生成Flyway脚本.md.DYbSt7fA.lean.js
            527 100%    0.85kB/s    0:00:00              527 100%    0.85kB/s    0:00:00 (xfr#69, to-chk=181/262)
dist/assets/常见问题_自定义sql记录数据源.md.DZb2e9IL.js
            700  48%    1.12kB/s    0:00:00            1,430 100%    2.29kB/s    0:00:00 (xfr#70, to-chk=180/262)
dist/assets/常见问题_自定义sql记录数据源.md.DZb2e9IL.lean.js
            554 100%    0.89kB/s    0:00:00              554 100%    0.89kB/s    0:00:00 (xfr#71, to-chk=179/262)
dist/assets/常见问题_自定义类型映射.md.JLKIOdjT.js
            700  20%    1.12kB/s    0:00:02            3,442 100%    5.51kB/s    0:00:00 (xfr#72, to-chk=178/262)
dist/assets/常见问题_自定义类型映射.md.JLKIOdjT.lean.js
            537 100%    0.86kB/s    0:00:00              537 100%    0.86kB/s    0:00:00 (xfr#73, to-chk=177/262)
dist/assets/常见问题_说明.md.CNJnj92z.js
            700  86%    1.12kB/s    0:00:00              806 100%    1.28kB/s    0:00:00 (xfr#74, to-chk=176/262)
dist/assets/常见问题_说明.md.CNJnj92z.lean.js
            700  86%    1.11kB/s    0:00:00              806 100%    1.28kB/s    0:00:00 (xfr#75, to-chk=175/262)
dist/assets/常见问题_集成springdoc.md.L2NoAUFg.js
          3,175 100%    5.04kB/s    0:00:00            3,175 100%    5.04kB/s    0:00:00 (xfr#76, to-chk=174/262)
dist/assets/常见问题_集成springdoc.md.L2NoAUFg.lean.js
            518 100%    0.82kB/s    0:00:00              518 100%    0.82kB/s    0:00:00 (xfr#77, to-chk=173/262)
dist/assets/快速开始_5分钟上手.md.Bj_btxOi.js
         32,376 100%   51.24kB/s    0:00:00           32,376 100%   51.24kB/s    0:00:00 (xfr#78, to-chk=172/262)
dist/assets/快速开始_5分钟上手.md.Bj_btxOi.lean.js
          6,398 100%   10.09kB/s    0:00:00            6,398 100%   10.09kB/s    0:00:00 (xfr#79, to-chk=171/262)
dist/assets/快速开始_安装.md.DlaVQ7PM.js
         18,211 100%   28.73kB/s    0:00:00           18,211 100%   28.73kB/s    0:00:00 (xfr#80, to-chk=170/262)
dist/assets/快速开始_安装.md.DlaVQ7PM.lean.js
            520 100%    0.82kB/s    0:00:00              520 100%    0.82kB/s    0:00:00 (xfr#81, to-chk=169/262)
dist/assets/快速开始_简介.md.BhCvQj6e.js
            700   3%    1.10kB/s    0:00:15           18,110 100%   28.48kB/s    0:00:00 (xfr#82, to-chk=168/262)
dist/assets/快速开始_简介.md.BhCvQj6e.lean.js
            700   7%    1.10kB/s    0:00:07            9,335 100%   14.66kB/s    0:00:00 (xfr#83, to-chk=167/262)
dist/assets/数据库适配_Doris.md.CzuFcXkd.js
         17,517 100%   27.50kB/s    0:00:00           17,517 100%   27.50kB/s    0:00:00 (xfr#84, to-chk=166/262)
dist/assets/数据库适配_Doris.md.CzuFcXkd.lean.js
          1,541 100%    2.42kB/s    0:00:00            1,541 100%    2.42kB/s    0:00:00 (xfr#85, to-chk=165/262)
dist/assets/数据库适配_H2.md.CKDtA3Ap.js
          7,814 100%   12.25kB/s    0:00:00            7,814 100%   12.25kB/s    0:00:00 (xfr#86, to-chk=164/262)
dist/assets/数据库适配_H2.md.CKDtA3Ap.lean.js
            525 100%    0.82kB/s    0:00:00              525 100%    0.82kB/s    0:00:00 (xfr#87, to-chk=163/262)
dist/assets/数据库适配_MySQL.md.BWyWeVQG.js
         18,676 100%   29.23kB/s    0:00:00           18,676 100%   29.23kB/s    0:00:00 (xfr#88, to-chk=162/262)
dist/assets/数据库适配_MySQL.md.BWyWeVQG.lean.js
            534 100%    0.83kB/s    0:00:00              534 100%    0.83kB/s    0:00:00 (xfr#89, to-chk=161/262)
dist/assets/数据库适配_Oracle.md.DbMYShNh.js
          7,507 100%   11.73kB/s    0:00:00            7,507 100%   11.73kB/s    0:00:00 (xfr#90, to-chk=160/262)
dist/assets/数据库适配_Oracle.md.DbMYShNh.lean.js
            775 100%    1.21kB/s    0:00:00              775 100%    1.21kB/s    0:00:00 (xfr#91, to-chk=159/262)
dist/assets/数据库适配_PostgreSQL.md.B_6qKHBj.js
         10,856 100%   16.96kB/s    0:00:00           10,856 100%   16.96kB/s    0:00:00 (xfr#92, to-chk=158/262)
dist/assets/数据库适配_PostgreSQL.md.B_6qKHBj.lean.js
            569 100%    0.89kB/s    0:00:00              569 100%    0.89kB/s    0:00:00 (xfr#93, to-chk=157/262)
dist/assets/数据库适配_SQLServer.md.FrIztkc5.js
         22,246 100%   34.59kB/s    0:00:00           22,246 100%   34.59kB/s    0:00:00 (xfr#94, to-chk=156/262)
dist/assets/数据库适配_SQLServer.md.FrIztkc5.lean.js
            816 100%    1.27kB/s    0:00:00              816 100%    1.27kB/s    0:00:00 (xfr#95, to-chk=155/262)
dist/assets/数据库适配_SQLite.md.DDNnLOip.js
          7,092 100%   11.01kB/s    0:00:00            7,092 100%   11.01kB/s    0:00:00 (xfr#96, to-chk=154/262)
dist/assets/数据库适配_SQLite.md.DDNnLOip.lean.js
            541 100%    0.84kB/s    0:00:00              541 100%    0.84kB/s    0:00:00 (xfr#97, to-chk=153/262)
dist/assets/数据库适配_index.md.B5AAm2Va.js
          9,364 100%   14.54kB/s    0:00:00            9,364 100%   14.54kB/s    0:00:00 (xfr#98, to-chk=152/262)
dist/assets/数据库适配_index.md.B5AAm2Va.lean.js
            568 100%    0.88kB/s    0:00:00              568 100%    0.88kB/s    0:00:00 (xfr#99, to-chk=151/262)
dist/assets/数据库适配_人大金仓.md.QYVLodZr.js
          8,500 100%   13.18kB/s    0:00:00            8,500 100%   13.18kB/s    0:00:00 (xfr#100, to-chk=150/262)
dist/assets/数据库适配_人大金仓.md.QYVLodZr.lean.js
            839 100%    1.30kB/s    0:00:00              839 100%    1.30kB/s    0:00:00 (xfr#101, to-chk=149/262)
dist/assets/数据库适配_达梦.md.z14sQCSj.js
          7,668 100%   11.85kB/s    0:00:00            7,668 100%   11.85kB/s    0:00:00 (xfr#102, to-chk=148/262)
dist/assets/数据库适配_达梦.md.z14sQCSj.lean.js
            809 100%    1.25kB/s    0:00:00              809 100%    1.25kB/s    0:00:00 (xfr#103, to-chk=147/262)
dist/assets/更新日志.md.BCPCxRmN.js
         32,768  98%   50.55kB/s    0:00:00           33,306 100%   51.38kB/s    0:00:00 (xfr#104, to-chk=146/262)
dist/assets/更新日志.md.BCPCxRmN.lean.js
          1,145 100%    1.76kB/s    0:00:00            1,145 100%    1.76kB/s    0:00:00 (xfr#105, to-chk=145/262)
dist/assets/最佳实践_单元测试.md.CaSILds5.js
            700   3%    1.07kB/s    0:00:20           22,936 100%   35.16kB/s    0:00:00 (xfr#106, to-chk=144/262)
dist/assets/最佳实践_单元测试.md.CaSILds5.lean.js
            700  61%    1.07kB/s    0:00:00            1,132 100%    1.74kB/s    0:00:00 (xfr#107, to-chk=143/262)
dist/assets/最佳实践_生产环境部署.md.CVAu8f8X.js
            700   3%    1.07kB/s    0:00:15           17,734 100%   27.19kB/s    0:00:00 (xfr#108, to-chk=142/262)
dist/assets/最佳实践_生产环境部署.md.CVAu8f8X.lean.js
            604 100%    0.93kB/s    0:00:00              604 100%    0.93kB/s    0:00:00 (xfr#109, to-chk=141/262)
dist/assets/核心概念_多数据源.md._MIO7-bY.js
            700   2%    1.07kB/s    0:00:29           31,954 100%   48.68kB/s    0:00:00 (xfr#110, to-chk=140/262)
dist/assets/核心概念_多数据源.md._MIO7-bY.lean.js
            700  11%    1.07kB/s    0:00:05            6,344 100%    9.67kB/s    0:00:00 (xfr#111, to-chk=139/262)
dist/assets/核心概念_工作原理.md.CQGCY0IZ.js
            700   4%    1.06kB/s    0:00:13           15,215 100%   23.11kB/s    0:00:00 (xfr#112, to-chk=138/262)
dist/assets/核心概念_工作原理.md.CQGCY0IZ.lean.js
            700   5%    1.06kB/s    0:00:11           12,859 100%   19.50kB/s    0:00:00 (xfr#113, to-chk=137/262)
dist/assets/核心概念_类型映射.md.CClOb-op.js
            700   1%    1.06kB/s    0:00:33           36,438 100%   54.83kB/s    0:00:00 (xfr#114, to-chk=136/262)
dist/assets/核心概念_类型映射.md.CClOb-op.lean.js
            700   9%    1.05kB/s    0:00:06            7,543 100%   11.30kB/s    0:00:00 (xfr#115, to-chk=135/262)
dist/assets/核心概念_运行模式.md.DnVRbAMc.js
            700   3%    1.05kB/s    0:00:20           22,380 100%   33.42kB/s    0:00:00 (xfr#116, to-chk=134/262)
dist/assets/核心概念_运行模式.md.DnVRbAMc.lean.js
            700   7%    1.05kB/s    0:00:08            9,363 100%   13.96kB/s    0:00:00 (xfr#117, to-chk=133/262)
dist/assets/框架集成_Mybatis-Flex.md.D50qpofD.js
            700  31%    1.04kB/s    0:00:01            2,192 100%    3.26kB/s    0:00:00 (xfr#118, to-chk=132/262)
dist/assets/框架集成_Mybatis-Flex.md.D50qpofD.lean.js
            539 100%    0.80kB/s    0:00:00              539 100%    0.80kB/s    0:00:00 (xfr#119, to-chk=131/262)
dist/assets/框架集成_Mybatis-Plus.md.vnUqHstE.js
            700  27%    1.04kB/s    0:00:01            2,576 100%    3.83kB/s    0:00:00 (xfr#120, to-chk=130/262)
dist/assets/框架集成_Mybatis-Plus.md.vnUqHstE.lean.js
            539 100%    0.80kB/s    0:00:00              539 100%    0.80kB/s    0:00:00 (xfr#121, to-chk=129/262)
dist/assets/框架集成_SpringDoc.md.1nU5ePOW.js
          9,488 100%   14.06kB/s    0:00:00            9,488 100%   14.06kB/s    0:00:00 (xfr#122, to-chk=128/262)
dist/assets/框架集成_SpringDoc.md.1nU5ePOW.lean.js
            581 100%    0.86kB/s    0:00:00              581 100%    0.86kB/s    0:00:00 (xfr#123, to-chk=127/262)
dist/assets/框架集成_index.md.H1MN0lD-.js
         10,852 100%   16.08kB/s    0:00:00           10,852 100%   16.08kB/s    0:00:00 (xfr#124, to-chk=126/262)
dist/assets/框架集成_index.md.H1MN0lD-.lean.js
            553 100%    0.81kB/s    0:00:00              553 100%    0.81kB/s    0:00:00 (xfr#125, to-chk=125/262)
dist/assets/社区_支持我们.md.B65whGxW.js
            700  20%    1.03kB/s    0:00:02            3,373 100%    4.96kB/s    0:00:00 (xfr#126, to-chk=124/262)
dist/assets/社区_支持我们.md.B65whGxW.lean.js
            550 100%    0.81kB/s    0:00:00              550 100%    0.81kB/s    0:00:00 (xfr#127, to-chk=123/262)
dist/assets/社区_贡献指南.md.BikHD389.js
            700   9%    1.03kB/s    0:00:06            7,188 100%   10.56kB/s    0:00:00 (xfr#128, to-chk=122/262)
dist/assets/社区_贡献指南.md.BikHD389.lean.js
            546 100%    0.80kB/s    0:00:00              546 100%    0.80kB/s    0:00:00 (xfr#129, to-chk=121/262)
dist/assets/社区_贡献者.md.BWR8mq3B.js
          9,411 100%   13.74kB/s    0:00:00            9,411 100%   13.74kB/s    0:00:00 (xfr#130, to-chk=120/262)
dist/assets/社区_贡献者.md.BWR8mq3B.lean.js
          8,690 100%   12.69kB/s    0:00:00            8,690 100%   12.67kB/s    0:00:00 (xfr#131, to-chk=119/262)
dist/assets/高级功能_SQL记录.md.BDeT2z-z.js
         22,368 100%   32.60kB/s    0:00:00           22,368 100%   32.60kB/s    0:00:00 (xfr#132, to-chk=118/262)
dist/assets/高级功能_SQL记录.md.BDeT2z-z.lean.js
            513 100%    0.75kB/s    0:00:00              513 100%    0.75kB/s    0:00:00 (xfr#133, to-chk=117/262)
dist/assets/高级功能_事件回调.md.BF34V5_n.js
            700   2%    1.02kB/s    0:00:32           34,215 100%   49.72kB/s    0:00:00 (xfr#134, to-chk=116/262)
dist/assets/高级功能_事件回调.md.BF34V5_n.lean.js
            700   7%    1.02kB/s    0:00:08            9,060 100%   13.15kB/s    0:00:00 (xfr#135, to-chk=115/262)
dist/assets/高级功能_多数据库方言适配.md.tcw8wiV1.js
            700   2%    1.02kB/s    0:00:32           33,583 100%   48.66kB/s    0:00:00 (xfr#136, to-chk=114/262)
dist/assets/高级功能_多数据库方言适配.md.tcw8wiV1.lean.js
            700  20%    1.01kB/s    0:00:02            3,398 100%    4.90kB/s    0:00:00 (xfr#137, to-chk=113/262)
dist/assets/高级功能_拦截器.md.BUP7pYku.js
            700   1%    1.01kB/s    0:00:36           37,194 100%   53.57kB/s    0:00:00 (xfr#138, to-chk=112/262)
dist/assets/高级功能_拦截器.md.BUP7pYku.lean.js
            700  10%    1.01kB/s    0:00:06            6,815 100%    9.80kB/s    0:00:00 (xfr#139, to-chk=111/262)
dist/assets/高级功能_数据初始化.md.CM5VZOv3.js
            700   3%    1.01kB/s    0:00:20           21,110 100%   30.27kB/s    0:00:00 (xfr#140, to-chk=110/262)
dist/assets/高级功能_数据初始化.md.CM5VZOv3.lean.js
            700   8%    1.00kB/s    0:00:07            7,972 100%   11.42kB/s    0:00:00 (xfr#141, to-chk=109/262)
dist/assets/高级功能_自动建库.md.Cm0Gq0de.js
            700  42%    1.00kB/s    0:00:00            1,640 100%    2.34kB/s    0:00:00 (xfr#142, to-chk=108/262)
dist/assets/高级功能_自动建库.md.Cm0Gq0de.lean.js
            504 100%    0.72kB/s    0:00:00              504 100%    0.72kB/s    0:00:00 (xfr#143, to-chk=107/262)
dist/assets/高级功能_自定义策略.md.DtDn1fzU.js
            700   5%    1.00kB/s    0:00:12           13,239 100%   18.82kB/s    0:00:00 (xfr#144, to-chk=106/262)
dist/assets/高级功能_自定义策略.md.DtDn1fzU.lean.js
            542 100%    0.77kB/s    0:00:00              542 100%    0.77kB/s    0:00:00 (xfr#145, to-chk=105/262)
dist/assets/chunks/
dist/assets/chunks/@localSearchIndexroot.DWyfshg_.js
         32,768  13%   46.38kB/s    0:00:04          243,330 100%  338.50kB/s    0:00:00 (xfr#146, to-chk=103/262)
dist/assets/chunks/VPLocalSearchBox.CmjniS9T.js
         32,768  53%   44.94kB/s    0:00:00           61,141 100%   83.74kB/s    0:00:00 (xfr#147, to-chk=102/262)
dist/assets/chunks/arc.D2UDcSeF.js
          3,419 100%    4.68kB/s    0:00:00            3,419 100%    4.68kB/s    0:00:00 (xfr#148, to-chk=101/262)
dist/assets/chunks/architectureDiagram-VXUJARFQ.xOJZ4zW_.js
         32,768  22%   44.69kB/s    0:00:02          148,773 100%  200.95kB/s    0:00:00 (xfr#149, to-chk=100/262)
dist/assets/chunks/basePickBy.CkxV2wWn.js
          2,576 100%    3.47kB/s    0:00:00            2,576 100%    3.47kB/s    0:00:00 (xfr#150, to-chk=99/262)
dist/assets/chunks/baseUniq.B-WkSF1T.js
         11,896 100%   16.00kB/s    0:00:00           11,896 100%   15.98kB/s    0:00:00 (xfr#151, to-chk=98/262)
dist/assets/chunks/blockDiagram-VD42YOAC.xMS9Kw-H.js
         32,768  44%   43.96kB/s    0:00:00           73,178 100%   97.49kB/s    0:00:00 (xfr#152, to-chk=97/262)
dist/assets/chunks/c4Diagram-YG6GDRKO.C6Qx_vx9.js
         32,768  46%   43.54kB/s    0:00:00           70,168 100%   93.10kB/s    0:00:00 (xfr#153, to-chk=96/262)
dist/assets/chunks/channel.CVI_vGch.js
            105 100%    0.14kB/s    0:00:00              105 100%    0.14kB/s    0:00:00 (xfr#154, to-chk=95/262)
dist/assets/chunks/chunk-4BX2VUAB.DTaEJovY.js
            289 100%    0.38kB/s    0:00:00              289 100%    0.38kB/s    0:00:00 (xfr#155, to-chk=94/262)
dist/assets/chunks/chunk-55IACEB6.BIcefI9K.js
            227 100%    0.30kB/s    0:00:00              227 100%    0.30kB/s    0:00:00 (xfr#156, to-chk=93/262)
dist/assets/chunks/chunk-B4BG7PRW.DGqQPkb9.js
         32,768  72%   43.24kB/s    0:00:00           45,397 100%   59.67kB/s    0:00:00 (xfr#157, to-chk=92/262)
dist/assets/chunks/chunk-DI55MBZ5.COOVgMdb.js
         32,768  89%   42.90kB/s    0:00:00           36,791 100%   48.16kB/s    0:00:00 (xfr#158, to-chk=91/262)
dist/assets/chunks/chunk-FMBD7UC4.72FphukS.js
            358 100%    0.47kB/s    0:00:00              358 100%    0.47kB/s    0:00:00 (xfr#159, to-chk=90/262)
dist/assets/chunks/chunk-QN33PNHL.BHYN_sIa.js
            524 100%    0.68kB/s    0:00:00              524 100%    0.68kB/s    0:00:00 (xfr#160, to-chk=89/262)
dist/assets/chunks/chunk-QZHKN3VN.CppeEC7k.js
            185 100%    0.24kB/s    0:00:00              185 100%    0.24kB/s    0:00:00 (xfr#161, to-chk=88/262)
dist/assets/chunks/chunk-TZMSLE5B.CHS8QERj.js
          1,405 100%    1.83kB/s    0:00:00            1,405 100%    1.83kB/s    0:00:00 (xfr#162, to-chk=87/262)
dist/assets/chunks/classDiagram-2ON5EDUG.DNMvYzUA.js
            454 100%    0.59kB/s    0:00:00              454 100%    0.59kB/s    0:00:00 (xfr#163, to-chk=86/262)
dist/assets/chunks/classDiagram-v2-WZHVMYZB.DNMvYzUA.js
            454 100%    0.59kB/s    0:00:00              454 100%    0.59kB/s    0:00:00 (xfr#164, to-chk=85/262)
dist/assets/chunks/clone.C1YoV4xh.js
             95 100%    0.12kB/s    0:00:00               95 100%    0.12kB/s    0:00:00 (xfr#165, to-chk=84/262)
dist/assets/chunks/cose-bilkent-S5V4N54A.B-riG9L3.js
         32,768  40%   42.44kB/s    0:00:01           81,567 100%  105.36kB/s    0:00:00 (xfr#166, to-chk=83/262)
dist/assets/chunks/cytoscape.esm.CyJtwmzi.js
            700   0%    0.90kB/s    0:08:09          442,413 100%  515.57kB/s    0:00:00 (xfr#167, to-chk=82/262)
dist/assets/chunks/dagre-6UL2VRFP.P10MJsdZ.js
         11,291 100%   13.14kB/s    0:00:00           11,291 100%   13.14kB/s    0:00:00 (xfr#168, to-chk=81/262)
dist/assets/chunks/defaultLocale.C4B-KCzX.js
            700  15%    0.81kB/s    0:00:04            4,547 100%    5.29kB/s    0:00:00 (xfr#169, to-chk=80/262)
dist/assets/chunks/diagram-PSM6KHXK.BjAw9XwU.js
         16,012 100%   18.59kB/s    0:00:00           16,012 100%   18.59kB/s    0:00:00 (xfr#170, to-chk=79/262)
dist/assets/chunks/diagram-QEK2KX5R.CsFI_TAv.js
          6,081 100%    7.05kB/s    0:00:00            6,081 100%    7.05kB/s    0:00:00 (xfr#171, to-chk=78/262)
dist/assets/chunks/diagram-S2PKOQOG.DLTsTdKP.js
          4,362 100%    5.05kB/s    0:00:00            4,362 100%    5.05kB/s    0:00:00 (xfr#172, to-chk=77/262)
dist/assets/chunks/erDiagram-Q2GNP2WA.DuG39FqV.js
         25,362 100%   29.35kB/s    0:00:00           25,362 100%   29.35kB/s    0:00:00 (xfr#173, to-chk=76/262)
dist/assets/chunks/flowDiagram-NV44I4VS.DVEE6LZs.js
         32,768  53%   37.83kB/s    0:00:00           61,134 100%   70.24kB/s    0:00:00 (xfr#174, to-chk=75/262)
dist/assets/chunks/framework.BHCkOB8p.js
            700   0%    0.80kB/s    0:02:20          113,205 100%  128.85kB/s    0:00:00 (xfr#175, to-chk=74/262)
dist/assets/chunks/ganttDiagram-JELNMOA3.CEkhDTTQ.js
         32,768  48%   37.21kB/s    0:00:00           67,982 100%   77.11kB/s    0:00:00 (xfr#176, to-chk=73/262)
dist/assets/chunks/gitGraphDiagram-NY62KEGX.BR5ycwfE.js
         24,751 100%   28.04kB/s    0:00:00           24,751 100%   28.04kB/s    0:00:00 (xfr#177, to-chk=72/262)
dist/assets/chunks/graph.Cz-LuRUZ.js
          5,911 100%    6.69kB/s    0:00:00            5,911 100%    6.69kB/s    0:00:00 (xfr#178, to-chk=71/262)
dist/assets/chunks/infoDiagram-WHAUD3N6.B-ii4b4c.js
            713 100%    0.81kB/s    0:00:00              713 100%    0.81kB/s    0:00:00 (xfr#179, to-chk=70/262)
dist/assets/chunks/init.Gi6I4Gst.js
            147 100%    0.17kB/s    0:00:00              147 100%    0.17kB/s    0:00:00 (xfr#180, to-chk=69/262)
dist/assets/chunks/journeyDiagram-XKPGCS4Q.wzEd0fKw.js
         23,579 100%   26.59kB/s    0:00:00           23,579 100%   26.59kB/s    0:00:00 (xfr#181, to-chk=68/262)
dist/assets/chunks/kanban-definition-3W4ZIXB7.YgLwcMhT.js
         20,627 100%   23.21kB/s    0:00:00           20,627 100%   23.21kB/s    0:00:00 (xfr#182, to-chk=67/262)
dist/assets/chunks/katex.Cu_Erd72.js
            700   0%    0.79kB/s    0:05:36          265,433 100%  292.23kB/s    0:00:00 (xfr#183, to-chk=66/262)
dist/assets/chunks/layout.CCmOmA4D.js
         27,376 100%   30.04kB/s    0:00:00           27,376 100%   30.04kB/s    0:00:00 (xfr#184, to-chk=65/262)
dist/assets/chunks/linear.DxD-bDwZ.js
          5,653 100%    6.20kB/s    0:00:00            5,653 100%    6.20kB/s    0:00:00 (xfr#185, to-chk=64/262)
dist/assets/chunks/mindmap-definition-VGOIOE7T.DLXo9t7p.js
         21,064 100%   23.04kB/s    0:00:00           21,064 100%   22.98kB/s    0:00:00 (xfr#186, to-chk=63/262)
dist/assets/chunks/ordinal.BYWQX77i.js
            700  58%    0.76kB/s    0:00:00            1,189 100%    1.29kB/s    0:00:00 (xfr#187, to-chk=62/262)
dist/assets/chunks/pieDiagram-ADFJNKIX.Bz9GNOtl.js
          5,284 100%    5.74kB/s    0:00:00            5,284 100%    5.74kB/s    0:00:00 (xfr#188, to-chk=61/262)
dist/assets/chunks/quadrantDiagram-AYHSOK5B.CuLNGMxp.js
         32,768  95%   35.56kB/s    0:00:00           34,345 100%   37.18kB/s    0:00:00 (xfr#189, to-chk=60/262)
dist/assets/chunks/requirementDiagram-UZGBJVZJ.DrePcmwM.js
         30,287 100%   32.72kB/s    0:00:00           30,287 100%   32.72kB/s    0:00:00 (xfr#190, to-chk=59/262)
dist/assets/chunks/sankeyDiagram-TZEHDZUN.wJPGcdA6.js
         22,258 100%   23.97kB/s    0:00:00           22,258 100%   23.97kB/s    0:00:00 (xfr#191, to-chk=58/262)
dist/assets/chunks/sequenceDiagram-WL72ISMW.BXuKgNEw.js
         32,768  33%   35.16kB/s    0:00:01           98,133 100%  102.17kB/s    0:00:00 (xfr#192, to-chk=57/262)
dist/assets/chunks/stateDiagram-FKZM4ZOC.IkB0BnuP.js
         10,411 100%   10.83kB/s    0:00:00           10,411 100%   10.83kB/s    0:00:00 (xfr#193, to-chk=56/262)
dist/assets/chunks/stateDiagram-v2-4FDKWEC3.CPMFy3sY.js
            415 100%    0.43kB/s    0:00:00              415 100%    0.43kB/s    0:00:00 (xfr#194, to-chk=55/262)
dist/assets/chunks/theme.CUF6ECue.js
         32,768  58%   33.86kB/s    0:00:00           56,479 100%   58.37kB/s    0:00:00 (xfr#195, to-chk=54/262)
dist/assets/chunks/timeline-definition-IT6M3QCI.n9w6VjCF.js
         23,751 100%   24.44kB/s    0:00:00           23,751 100%   24.44kB/s    0:00:00 (xfr#196, to-chk=53/262)
dist/assets/chunks/treemap-KMMF4GRG.C--xtFV9.js
         32,768   9%   33.58kB/s    0:00:08          330,219 100%  331.43kB/s    0:00:00 (xfr#197, to-chk=52/262)
dist/assets/chunks/virtual_mermaid-config.DCLuL8BO.js
            610 100%    0.61kB/s    0:00:00              610 100%    0.61kB/s    0:00:00 (xfr#198, to-chk=51/262)
dist/assets/chunks/xychartDiagram-PRI3JC2R.CUeOVnqq.js
         32,768  81%   32.82kB/s    0:00:00           40,232 100%   40.30kB/s    0:00:00 (xfr#199, to-chk=50/262)
dist/使用指南/
dist/使用指南/定义列.html
          4,200   3%    4.20kB/s    0:00:24          105,888 100%  105.73kB/s    0:00:00 (xfr#200, to-chk=49/262)
dist/使用指南/定义索引.html
          4,900   5%    4.89kB/s    0:00:18           94,453 100%   94.03kB/s    0:00:00 (xfr#201, to-chk=48/262)
dist/使用指南/定义表.html
          4,200   5%    4.18kB/s    0:00:16           74,333 100%   73.77kB/s    0:00:00 (xfr#202, to-chk=47/262)
dist/常见问题/
dist/常见问题/Invalid value type.html
          4,200   7%    4.16kB/s    0:00:13           59,002 100%   58.44kB/s    0:00:00 (xfr#203, to-chk=46/262)
dist/常见问题/index.html
          4,200   6%    4.16kB/s    0:00:13           60,725 100%   60.02kB/s    0:00:00 (xfr#204, to-chk=45/262)
dist/常见问题/与Flyway集成.html
          4,200   7%    4.15kB/s    0:00:12           57,579 100%   56.80kB/s    0:00:00 (xfr#205, to-chk=44/262)
dist/常见问题/启动顺序(时机).html
          4,200   7%    4.14kB/s    0:00:13           58,613 100%   57.64kB/s    0:00:00 (xfr#206, to-chk=43/262)
dist/常见问题/字段删除.html
          4,200   7%    4.13kB/s    0:00:12           57,622 100%   56.61kB/s    0:00:00 (xfr#207, to-chk=42/262)
dist/常见问题/字段排序.html
          4,200   7%    4.12kB/s    0:00:13           58,545 100%   57.40kB/s    0:00:00 (xfr#208, to-chk=41/262)
dist/常见问题/没有创建表.html
          4,200   7%    4.12kB/s    0:00:13           57,998 100%   56.70kB/s    0:00:00 (xfr#209, to-chk=40/262)
dist/常见问题/添加自定义映射关系.html
          4,200   5%    4.11kB/s    0:00:16           35,000  49%   34.18kB/s    0:00:01           71,207 100%   69.54kB/s    0:00:01 (xfr#210, to-chk=39/262)
dist/常见问题/父类字段没有创建.html
          4,200   7%    2.00MB/s    0:00:00           58,651 100%   13.98MB/s    0:00:00 (xfr#211, to-chk=38/262)
dist/常见问题/生成Flyway脚本.html
          4,200   7%    1.00MB/s    0:00:00           57,632 100%   10.99MB/s    0:00:00 (xfr#212, to-chk=37/262)
dist/常见问题/自定义sql记录数据源.html
          4,200   7%  820.31kB/s    0:00:00           57,675 100%    7.86MB/s    0:00:00 (xfr#213, to-chk=36/262)
dist/常见问题/自定义类型映射.html
          4,200   7%  585.94kB/s    0:00:00           59,959 100%    2.86MB/s    0:00:00 (xfr#214, to-chk=35/262)
dist/常见问题/说明.html
          4,200   7%  205.08kB/s    0:00:00           56,923 100%    2.36MB/s    0:00:00 (xfr#215, to-chk=34/262)
dist/常见问题/集成springdoc.html
          4,900   8%  199.38kB/s    0:00:00           59,705 100%    2.19MB/s    0:00:00 (xfr#216, to-chk=33/262)
dist/快速开始/
dist/快速开始/5分钟上手.html
          4,200   4%  157.75kB/s    0:00:00           86,317 100%    2.84MB/s    0:00:00 (xfr#217, to-chk=32/262)
dist/快速开始/安装.html
          4,200   5%  141.43kB/s    0:00:00           77,427 100%    2.31MB/s    0:00:00 (xfr#218, to-chk=31/262)
dist/快速开始/简介.html
          4,200   6%  124.29kB/s    0:00:00           69,900 100%    1.85MB/s    0:00:00 (xfr#219, to-chk=30/262)
dist/数据库适配/
dist/数据库适配/Doris.html
          4,200   5%  113.93kB/s    0:00:00           72,171 100%    1.01MB/s    0:00:00 (xfr#220, to-chk=29/262)
dist/数据库适配/H2.html
          4,200   6%   59.44kB/s    0:00:00           63,056 100%  855.25kB/s    0:00:00 (xfr#221, to-chk=28/262)
dist/数据库适配/MySQL.html
          4,200   5%   56.19kB/s    0:00:01           73,849 100%  961.58kB/s    0:00:00 (xfr#222, to-chk=27/262)
dist/数据库适配/Oracle.html
          4,200   6%   54.69kB/s    0:00:01           62,633 100%  774.24kB/s    0:00:00 (xfr#223, to-chk=26/262)
dist/数据库适配/PostgreSQL.html
          4,200   6%   51.92kB/s    0:00:01           66,050 100%  796.32kB/s    0:00:00 (xfr#224, to-chk=25/262)
dist/数据库适配/SQLServer.html
          4,200   5%   50.64kB/s    0:00:01           77,361 100%  899.38kB/s    0:00:00 (xfr#225, to-chk=24/262)
dist/数据库适配/SQLite.html
          4,200   6%   48.83kB/s    0:00:01           62,286 100%  405.51kB/s    0:00:00 (xfr#226, to-chk=23/262)
dist/数据库适配/index.html
          4,200   6%   26.98kB/s    0:00:02           64,319 100%  407.87kB/s    0:00:00 (xfr#227, to-chk=22/262)
dist/数据库适配/人大金仓.html
          4,200   6%   26.63kB/s    0:00:02           63,628 100%  400.88kB/s    0:00:00 (xfr#228, to-chk=21/262)
dist/数据库适配/达梦.html
          4,200   6%   26.29kB/s    0:00:02           62,835 100%  381.13kB/s    0:00:00 (xfr#229, to-chk=20/262)
dist/最佳实践/
dist/最佳实践/单元测试.html
          4,200   5%   24.56kB/s    0:00:02           75,084 100%  433.87kB/s    0:00:00 (xfr#230, to-chk=19/262)
dist/最佳实践/生产环境部署.html
          4,200   6%   23.85kB/s    0:00:02           69,999 100%  369.50kB/s    0:00:00 (xfr#231, to-chk=18/262)
dist/核心概念/
dist/核心概念/多数据源.html
          4,200   4%   22.05kB/s    0:00:03           86,145 100%  447.48kB/s    0:00:00 (xfr#232, to-chk=17/262)
dist/核心概念/工作原理.html
          4,200   6%   21.36kB/s    0:00:02           63,322 100%  318.75kB/s    0:00:00 (xfr#233, to-chk=16/262)
dist/核心概念/类型映射.html
          4,200   4%   20.93kB/s    0:00:04           89,584 100%  439.62kB/s    0:00:00 (xfr#234, to-chk=15/262)
dist/核心概念/运行模式.html
          4,200   5%   20.41kB/s    0:00:03           73,417 100%  353.18kB/s    0:00:00 (xfr#235, to-chk=14/262)
dist/框架集成/
dist/框架集成/Mybatis-Flex.html
          4,200   7%   20.20kB/s    0:00:02           54,495 100%  259.60kB/s    0:00:00 (xfr#236, to-chk=13/262)
dist/框架集成/Mybatis-Plus.html
          4,200   7%   19.53kB/s    0:00:02           54,838 100%  252.61kB/s    0:00:00 (xfr#237, to-chk=12/262)
dist/框架集成/SpringDoc.html
          4,200   6%   18.90kB/s    0:00:03           62,269 100%  273.92kB/s    0:00:00 (xfr#238, to-chk=11/262)
dist/框架集成/index.html
          4,200   6%   18.48kB/s    0:00:03           63,650 100%  278.74kB/s    0:00:00 (xfr#239, to-chk=10/262)
dist/社区/
dist/社区/支持我们.html
          4,200   7%   18.39kB/s    0:00:02           55,867 100%  242.48kB/s    0:00:00 (xfr#240, to-chk=9/262)
dist/社区/贡献指南.html
          4,200   7%   18.23kB/s    0:00:03           59,700 100%  256.83kB/s    0:00:00 (xfr#241, to-chk=8/262)
dist/社区/贡献者.html
          4,200   6%   18.07kB/s    0:00:03           67,708 100%  288.74kB/s    0:00:00 (xfr#242, to-chk=7/262)
dist/高级功能/
dist/高级功能/SQL记录.html
          4,900   5%   20.71kB/s    0:00:03           81,696 100%  342.41kB/s    0:00:00 (xfr#243, to-chk=6/262)
dist/高级功能/事件回调.html
          4,200   4%   17.60kB/s    0:00:04           85,599 100%  355.71kB/s    0:00:00 (xfr#244, to-chk=5/262)
dist/高级功能/多数据库方言适配.html
          4,200   4%   17.45kB/s    0:00:04           90,805 100%  374.16kB/s    0:00:00 (xfr#245, to-chk=4/262)
dist/高级功能/拦截器.html
          4,200   4%   17.23kB/s    0:00:05           90,785 100%  369.41kB/s    0:00:00 (xfr#246, to-chk=3/262)
dist/高级功能/数据初始化.html
          4,200   5%   17.09kB/s    0:00:04           74,303 100%  299.84kB/s    0:00:00 (xfr#247, to-chk=2/262)
dist/高级功能/自动建库.html
          4,200   6%   16.95kB/s    0:00:03           60,986 100%  244.08kB/s    0:00:00 (xfr#248, to-chk=1/262)
dist/高级功能/自定义策略.html
          4,200   5%   16.81kB/s    0:00:04           72,367 100%  287.28kB/s    0:00:00 (xfr#249, to-chk=0/262)

sent 893,084 bytes  received 84,237 bytes  217,182.44 bytes/sec
total size is 12,028,663  speedup is 12.31
================================
版本 2.6.1 发布完成！
================================
